fecha,solidos_a1,malla_a1
2023-11-28 05:19:49,38.0,27.0
2023-11-28 04:23:14,39.0,30.0
2023-11-28 02:44:19,37.0,25.0
2023-11-27 23:21:37,37.0,29.0
2023-11-27 22:03:58,37.0,28.0
2023-11-27 20:14:06,41.0,29.0
2023-11-27 08:41:22,45.0,33.0
2023-11-27 04:10:16,37.0,30.0
2023-11-27 03:14:54,37.0,30.0
2023-11-27 00:24:17,37.0,29.0
2023-11-26 22:42:28,38.0,30.0
2023-11-26 20:05:31,37.0,28.0
2023-11-26 16:39:46,45.0,33.0
2023-11-26 14:59:59,42.0,31.0
2023-11-26 13:15:54,40.0,33.0
2023-11-26 11:51:29,42.0,33.0
2023-11-26 10:13:17,40.0,31.0
2023-11-26 08:58:53,39.0,31.0
2023-11-26 00:01:47,35.0,27.0
2023-11-25 22:10:07,39.0,29.0
2023-11-25 20:14:25,44.0,36.0
2023-11-25 18:22:13,42.0,31.0
2023-11-25 08:49:28,43.0,32.0
2023-11-25 05:28:29,47.0,40.0
2023-11-25 02:57:49,43.0,32.0
2023-11-25 00:13:31,42.0,32.0
2023-11-24 22:20:15,45.0,35.0
2023-11-24 20:13:33,44.0,34.0
2023-11-24 12:34:57,42.0,32.0
2023-11-24 09:51:43,43.0,33.0
2023-11-24 07:36:42,44.0,32.0
2023-11-24 06:08:27,43.0,30.0
2023-11-24 04:31:45,41.0,31.0
2023-11-24 02:36:58,44.0,32.0
2023-11-24 02:08:13,41.0,30.0
2023-11-23 21:52:56,41.0,29.0
2023-11-23 07:49:25,44.0,32.0
2023-11-23 05:15:37,40.0,30.0
2023-11-23 02:32:28,42.0,32.0
2023-11-23 00:07:08,41.0,30.0
2023-11-22 22:09:16,41.0,32.0
2023-11-22 20:22:04,44.0,33.0
2023-11-22 16:13:57,42.0,33.0
2023-11-22 12:38:28,41.0,31.0
2023-11-22 10:49:34,39.0,29.0
2023-11-22 06:05:20,39.0,29.0
2023-11-22 03:54:46,38.0,28.0
2023-11-22 02:00:08,39.0,27.0
2023-11-21 23:52:50,39.0,31.0
2023-11-21 22:04:14,41.0,32.0
2023-11-21 19:59:51,39.0,27.0
2023-11-21 14:57:06,37.0,22.0
2023-11-21 12:15:00,39.0,29.0
2023-11-21 10:56:00,42.0,34.0
2023-11-21 09:50:34,41.0,34.0
2023-11-21 07:42:56,44.0,33.0
2023-11-21 05:54:01,40.0,31.0
2023-11-21 03:56:55,41.0,31.0
2023-11-21 01:52:34,39.0,30.0
2023-11-20 23:53:45,40.0,31.0
2023-11-20 21:48:18,39.0,32.0
2023-11-20 19:48:02,39.0,29.0
2023-11-20 17:57:31,45.0,33.0
2023-11-20 16:44:34,47.0,36.0
2023-11-20 13:32:43,37.0,27.0
2023-11-20 11:52:03,41.0,33.0
2023-11-20 09:14:34,41.0,33.0
2023-11-20 08:01:55,42.0,32.0
2023-11-20 04:05:28,39.0,30.0
2023-11-20 02:14:07,38.0,29.0
2023-11-20 00:05:47,39.0,30.0
2023-11-19 21:58:07,38.0,27.0
2023-11-19 20:05:07,40.0,31.0
2023-11-19 17:50:28,40.0,31.0
2023-11-19 14:02:25,39.0,30.0
2023-11-19 09:46:46,41.0,34.0
2023-11-19 08:57:34,39.0,30.0
2023-11-19 05:56:54,40.0,32.0
2023-11-19 03:55:35,38.0,30.0
2023-11-19 03:03:49,38.0,32.0
2023-11-18 23:45:41,37.0,28.0
2023-11-18 21:51:30,35.0,28.0
2023-11-18 19:56:22,39.0,32.0
2023-11-18 17:29:06,39.0,30.0
2023-11-18 15:37:56,39.0,31.0
2023-11-18 15:37:20,39.0,31.0
2023-11-18 14:27:47,41.0,33.0
2023-11-18 13:49:37,41.0,27.0
2023-11-18 10:18:22,39.0,29.0
2023-11-18 08:59:50,40.0,31.0
2023-11-18 06:00:13,38.0,31.0
2023-11-18 03:56:22,37.0,30.0
2023-11-18 01:51:49,37.0,28.0
2023-11-18 00:03:36,38.0,30.0
2023-11-17 22:35:52,38.0,31.0
2023-11-17 19:58:10,37.0,30.0
2023-11-17 16:20:52,37.0,29.0
2023-11-17 15:03:30,39.0,31.0
2023-11-17 14:07:17,40.0,28.0
2023-11-17 12:23:21,39.0,29.0
2023-11-17 10:53:05,39.0,29.0
2023-11-17 09:32:27,41.0,30.0
2023-11-17 08:04:17,42.0,30.0
2023-11-17 06:08:15,40.0,32.0
2023-11-17 03:52:52,39.0,32.0
2023-11-17 02:01:10,38.0,32.0
2023-11-17 00:00:08,40.0,31.0
2023-11-16 21:53:52,41.0,32.0
2023-11-16 19:54:27,37.0,33.0
2023-11-16 18:13:45,36.0,26.0
2023-11-16 16:00:28,40.0,31.0
2023-11-16 13:47:34,39.0,32.0
2023-11-16 12:03:02,38.0,28.0
2023-11-16 10:39:21,39.0,33.0
2023-11-16 09:41:24,39.0,29.0
2023-11-16 07:24:02,39.0,32.0
2023-11-16 05:57:54,38.0,33.0
2023-11-16 04:06:47,38.0,31.0
2023-11-16 02:09:13,37.0,31.0
2023-11-15 23:56:10,39.0,32.0
2023-11-15 21:56:25,39.0,31.0
2023-11-15 19:57:24,38.0,33.0
2023-11-15 17:59:05,39.0,33.0
2023-11-15 14:51:10,38.0,32.0
2023-11-15 13:17:50,39.0,32.0
2023-11-15 12:25:15,38.0,31.0
2023-11-15 10:32:40,39.0,31.0
2023-11-15 09:18:39,39.0,33.0
2023-11-15 08:10:46,41.0,33.0
2023-11-15 04:20:42,37.0,28.0
2023-11-14 22:44:50,39.0,27.0
2023-11-14 20:59:36,38.0,29.0
2023-11-14 18:08:41,34.0,34.0
2023-11-14 16:28:31,42.0,32.0
2023-11-14 14:20:49,42.0,29.0
2023-11-14 11:49:20,41.0,29.0
2023-11-14 10:29:20,42.0,27.0
2023-11-14 08:14:22,43.0,30.0
2023-11-13 22:14:38,38.0,29.0
2023-11-13 20:26:10,41.0,30.0
2023-11-13 14:25:17,41.0,32.0
2023-11-13 12:42:28,37.0,30.0
2023-11-13 10:02:00,41.0,32.0
2023-11-13 07:56:35,40.0,31.0
2023-11-13 05:15:58,41.0,31.0
2023-11-13 03:48:49,42.0,31.0
2023-11-13 02:26:47,40.0,31.0
2023-11-13 02:25:57,40.0,31.0
2023-11-12 22:02:10,41.0,32.0
2023-11-12 20:18:26,40.0,31.0
2023-11-12 18:20:59,40.0,33.0
2023-11-12 17:06:37,40.0,32.0
2023-11-12 15:13:14,40.0,31.0
2023-11-12 12:51:12,41.0,34.0
2023-11-12 11:36:29,42.0,35.0
2023-11-12 10:16:49,40.0,32.0
2023-11-12 08:06:02,41.0,33.0
2023-11-12 04:22:44,39.0,31.0
2023-11-12 00:49:11,41.0,33.0
2023-11-11 21:39:43,41.0,32.0
2023-11-11 20:05:06,40.0,31.0
2023-11-11 18:34:45,38.0,30.0
2023-11-11 17:28:12,38.0,30.0
2023-11-11 15:17:18,43.0,35.0
2023-11-11 12:19:58,39.0,29.0
2023-11-11 10:11:19,45.0,34.0
2023-11-11 07:56:17,41.0,33.0
2023-11-11 04:01:41,41.0,32.0
2023-11-11 02:32:45,40.0,30.0
2023-11-10 23:04:29,39.0,32.0
2023-11-10 20:43:40,40.0,32.0
2023-11-10 20:16:57,40.0,38.0
2023-11-10 19:33:32,38.0,27.0
2023-11-10 17:07:09,36.0,29.0
2023-11-10 16:10:50,36.0,29.0
2023-11-10 15:15:16,37.0,22.0
2023-11-10 12:40:26,41.0,32.0
2023-11-10 11:13:16,40.0,30.0
2023-11-10 10:00:39,39.0,28.0
2023-11-10 08:05:47,36.0,29.0
2023-11-10 03:40:31,40.0,33.0
2023-11-10 01:52:11,40.0,32.0
2023-11-09 21:50:27,39.0,29.0
2023-11-09 20:02:06,37.0,30.0
2023-11-09 17:01:20,41.0,32.0
2023-11-09 15:56:35,37.0,30.0
2023-11-09 11:15:07,40.0,31.0
2023-11-09 10:37:50,44.0,38.0
2023-11-09 08:19:32,44.0,33.0
2023-11-09 02:12:25,40.0,28.0
2023-11-09 00:23:04,40.0,32.0
2023-11-08 22:05:30,41.0,33.0
2023-11-08 19:53:27,40.0,31.0
2023-11-08 17:09:54,40.0,32.0
2023-11-08 16:17:45,37.0,29.0
2023-11-08 15:46:11,37.0,30.0
2023-11-08 12:05:16,41.0,33.0
2023-11-08 11:14:51,34.0,25.0
2023-11-08 10:11:56,43.0,36.0
2023-11-08 07:58:11,38.0,30.0
2023-11-08 06:17:23,40.0,29.0
2023-11-08 05:07:10,41.0,30.0
2023-11-08 02:58:40,39.0,30.0
2023-11-08 02:28:20,42.0,31.0
2023-11-08 02:02:15,44.0,36.0
2023-11-07 22:15:54,39.0,31.0
2023-11-07 18:14:23,37.0,29.0
2023-11-07 16:26:14,37.0,28.0
2023-11-07 12:05:27,38.0,31.0
2023-11-07 10:09:38,40.0,33.0
2023-11-07 08:09:40,39.0,32.0
2023-11-07 06:13:47,40.0,33.0
2023-11-07 04:18:56,37.0,30.0
2023-11-07 01:50:55,40.0,33.0
2023-11-06 23:10:13,41.0,36.0
2023-11-06 10:18:40,40.0,33.0
2023-11-06 08:22:13,38.0,32.0
2023-11-06 06:05:47,37.0,34.0
2023-11-06 02:36:29,41.0,37.0
2023-11-06 00:14:06,43.0,34.0
2023-11-05 23:53:02,40.0,33.0
2023-11-05 22:05:04,40.0,32.0
2023-11-05 20:17:01,41.0,32.0
2023-11-05 18:37:02,38.0,31.0
2023-11-05 16:22:02,38.0,33.0
2023-11-05 12:12:09,37.0,31.0
2023-11-05 10:47:56,36.0,29.0
2023-11-05 08:20:39,37.0,32.0
2023-11-05 05:39:05,41.0,32.0
2023-11-05 02:11:54,40.0,32.0
2023-11-05 00:31:18,39.0,32.0
2023-11-04 21:35:42,41.0,37.0
2023-11-04 18:38:16,38.0,30.0
2023-11-04 16:27:33,36.0,29.0
2023-11-04 12:20:04,38.0,30.0
2023-11-04 10:21:12,39.0,32.0
2023-11-04 08:18:39,37.0,31.0
2023-11-04 05:49:36,39.0,35.0
2023-11-04 01:36:53,38.0,39.0
2023-11-03 23:24:42,40.0,35.0
2023-11-03 21:58:56,38.0,31.0
2023-11-03 20:03:12,44.0,38.0
2023-11-03 18:32:18,37.0,30.0
2023-11-03 16:43:29,33.0,27.0
2023-11-03 13:49:26,38.0,32.0
2023-11-03 10:07:48,36.0,29.0
2023-11-03 08:22:19,35.0,28.0
2023-11-03 05:59:58,40.0,38.0
2023-11-03 03:11:40,40.0,35.0
2023-11-03 01:35:38,39.0,31.0
2023-11-02 23:43:48,36.0,33.0
2023-11-02 19:36:40,40.0,33.0
2023-11-02 17:51:19,38.0,32.0
2023-11-02 16:11:02,38.0,30.0
2023-11-02 10:47:07,35.0,27.0
2023-11-02 08:24:50,39.0,31.0
2023-11-02 04:30:07,42.0,34.0
2023-11-02 02:34:22,41.0,35.0
2023-11-01 22:01:59,44.0,36.0
2023-11-01 20:34:33,42.0,33.0
2023-11-01 20:34:14,42.0,33.0
2023-11-01 19:45:08,41.0,32.0
2023-11-01 18:08:37,32.0,25.0
2023-11-01 15:56:51,39.0,33.0
2023-11-01 12:07:43,38.0,30.0
2023-11-01 09:56:36,30.0,24.0
2023-11-01 08:15:30,38.0,30.0
2023-11-01 06:20:41,38.0,29.0
2023-11-01 05:21:11,39.0,29.0
2023-11-01 04:24:50,43.0,36.0
2023-11-01 02:25:28,41.0,32.0
2023-11-01 00:04:23,39.0,30.0
2023-10-31 22:19:41,40.0,32.0
2023-10-31 19:27:06,43.0,36.0
2023-10-31 18:02:28,41.0,35.0
2023-10-31 15:13:39,42.0,32.0
2023-10-31 08:10:58,41.0,31.0
2023-10-31 06:10:27,42.0,31.0
2023-10-31 04:28:41,41.0,31.0
2023-10-31 02:19:25,40.0,31.0
2023-10-31 00:16:57,40.0,29.0
2023-10-30 22:46:56,41.0,32.0
2023-10-30 21:09:11,40.0,30.0
2023-10-30 20:09:33,40.0,34.0
2023-10-30 13:49:18,42.0,31.0
2023-10-30 06:11:58,39.0,34.0
2023-10-30 03:51:38,40.0,32.0
2023-10-30 02:24:03,39.0,31.0
2023-10-30 00:18:32,41.0,33.0
2023-10-29 23:02:15,41.0,35.0
2023-10-29 22:23:17,42.0,36.0
2023-10-29 19:51:58,41.0,31.0
2023-10-29 16:24:45,42.0,30.0
2023-10-29 13:30:03,41.0,31.0
2023-10-29 10:32:29,42.0,31.0
2023-10-29 08:01:22,40.0,31.0
2023-10-29 06:20:32,39.0,32.0
2023-10-29 04:41:13,39.0,32.0
2023-10-29 02:27:08,40.0,33.0
2023-10-29 00:14:28,43.0,34.0
2023-10-28 22:20:18,41.0,33.0
2023-10-28 20:22:13,43.0,36.0
2023-10-28 18:16:49,41.0,30.0
2023-10-28 12:49:38,39.0,30.0
2023-10-28 08:33:04,37.0,27.0
2023-10-28 06:16:41,38.0,29.0
2023-10-28 04:44:00,37.0,30.0
2023-10-28 02:55:39,38.0,31.0
2023-10-28 02:04:49,41.0,33.0
2023-10-28 01:25:39,44.0,37.0
2023-10-28 00:32:22,39.0,30.0
2023-10-27 22:42:55,38.0,29.0
2023-10-27 19:47:16,45.0,40.0
2023-10-27 17:31:24,38.0,29.0
2023-10-27 13:58:18,38.0,28.0
2023-10-27 12:10:07,40.0,28.0
2023-10-27 10:04:49,38.0,30.0
2023-10-27 08:03:18,39.0,31.0
2023-10-27 06:31:48,39.0,31.0
2023-10-27 05:00:58,42.0,34.0
2023-10-27 02:28:33,40.0,31.0
2023-10-27 00:09:24,40.0,30.0
2023-10-26 21:53:57,39.0,30.0
2023-10-26 19:53:44,37.0,27.0
2023-10-26 16:06:25,38.0,27.0
2023-10-26 11:32:21,39.0,28.0
2023-10-26 07:29:36,39.0,30.0
2023-10-26 06:13:15,41.0,33.0
2023-10-26 02:31:42,37.0,31.0
2023-10-26 00:36:35,39.0,28.0
2023-10-25 22:57:21,40.0,32.0
2023-10-25 20:25:52,41.0,34.0
2023-10-25 17:02:34,40.0,29.0
2023-10-25 09:30:10,40.0,30.0
2023-10-25 05:55:16,40.0,29.0
2023-10-25 03:56:11,39.0,30.0
2023-10-25 02:14:32,40.0,31.0
2023-10-24 20:22:01,40.0,30.0
2023-10-24 16:13:36,43.0,33.0
2023-10-24 14:06:03,38.0,27.0
2023-10-24 11:14:58,40.0,30.0
2023-10-24 09:00:45,41.0,33.0
2023-10-24 07:57:23,43.0,38.0
2023-10-24 06:02:32,39.0,31.0
2023-10-24 03:58:02,38.0,33.0
2023-10-24 01:53:41,38.0,32.0
2023-10-23 23:53:03,37.0,32.0
2023-10-23 21:50:57,37.0,30.0
2023-10-23 21:49:15,38.0,31.0
2023-10-23 18:21:16,42.0,39.0
2023-10-23 17:32:39,42.0,36.0
2023-10-23 15:17:17,38.0,31.0
2023-10-23 14:00:07,39.0,29.0
2023-10-23 12:25:59,37.0,28.0
2023-10-23 11:00:14,37.0,30.0
2023-10-23 09:50:29,38.0,33.0
2023-10-23 09:00:44,40.0,35.0
2023-10-23 08:11:01,43.0,36.0
2023-10-23 07:41:03,41.0,33.0
2023-10-23 05:55:40,38.0,30.0
2023-10-23 03:51:35,39.0,31.0
2023-10-23 02:00:26,41.0,31.0
2023-10-23 00:08:03,41.0,32.0
2023-10-22 21:50:46,39.0,31.0
2023-10-22 20:10:02,34.0,28.0
2023-10-22 17:04:00,37.0,31.0
2023-10-22 08:09:23,41.0,33.0
2023-10-22 07:22:47,41.0,38.0
2023-10-22 06:05:15,38.0,32.0
2023-10-22 03:56:13,40.0,32.0
2023-10-22 01:58:12,38.0,30.0
2023-10-21 23:49:49,40.0,33.0
2023-10-21 22:01:28,39.0,31.0
2023-10-21 19:48:10,41.0,33.0
2023-10-21 14:27:50,41.0,37.0
2023-10-21 12:02:31,38.0,32.0
2023-10-21 09:05:16,40.0,35.0
2023-10-21 08:03:59,43.0,38.0
2023-10-21 05:58:55,41.0,32.0
2023-10-21 03:51:09,40.0,33.0
2023-10-21 00:00:45,38.0,32.0
2023-10-20 21:50:54,33.0,28.0
2023-10-20 19:53:26,34.0,27.0
2023-10-20 18:01:31,38.0,33.0
2023-10-20 14:03:16,34.0,28.0
2023-10-20 11:24:04,33.0,30.0
2023-10-20 10:03:34,41.0,34.0
2023-10-20 08:43:46,42.0,33.0
2023-10-20 05:59:52,40.0,33.0
2023-10-20 03:50:10,39.0,32.0
2023-10-20 02:00:12,39.0,33.0
2023-10-19 23:46:57,40.0,33.0
2023-10-19 21:49:40,39.0,31.0
2023-10-19 19:47:05,38.0,29.0
2023-10-19 15:24:16,39.0,34.0
2023-10-19 14:34:13,40.0,33.0
2023-10-19 12:17:10,38.0,34.0
2023-10-19 09:34:40,42.0,36.0
2023-10-19 08:02:09,39.0,34.0
2023-10-19 04:00:42,38.0,33.0
2023-10-19 02:09:45,39.0,32.0
2023-10-18 23:54:22,39.0,34.0
2023-10-18 21:53:35,38.0,32.0
2023-10-18 19:51:52,37.0,35.0
2023-10-18 18:41:40,40.0,38.0
2023-10-18 15:24:14,38.0,34.0
2023-10-18 13:13:18,38.0,35.0
2023-10-18 09:57:07,39.0,35.0
2023-10-18 08:09:47,37.0,33.0
2023-10-18 05:50:23,39.0,30.0
2023-10-18 00:44:58,39.0,29.0
2023-10-17 22:21:02,38.0,28.0
2023-10-17 21:36:28,39.0,29.0
2023-10-17 20:19:06,39.0,29.0
2023-10-17 17:54:12,35.0,27.0
2023-10-17 16:16:03,37.0,28.0
2023-10-17 14:24:21,35.0,24.0
2023-10-17 12:11:17,34.0,28.0
2023-10-17 09:53:37,37.0,30.0
2023-10-17 08:10:47,38.0,30.0
2023-10-17 04:02:19,38.0,27.0
2023-10-16 23:59:58,38.0,27.0
2023-10-16 19:40:07,38.0,28.0
2023-10-16 17:53:48,37.0,29.0
2023-10-16 16:35:12,37.0,29.0
2023-10-16 14:23:38,37.0,32.0
2023-10-16 12:27:17,34.0,28.0
2023-10-16 10:22:53,34.0,29.0
2023-10-16 08:02:51,37.0,29.0
2023-10-16 02:49:20,38.0,29.0
2023-10-16 01:02:39,38.0,28.0
2023-10-15 22:10:50,38.0,30.0
2023-10-15 16:48:44,40.0,34.0
2023-10-15 14:31:37,38.0,31.0
2023-10-15 13:00:30,41.0,33.0
2023-10-15 10:12:00,43.0,33.0
2023-10-15 08:05:28,42.0,35.0
2023-10-14 18:15:09,35.0,27.0
2023-10-14 17:18:07,35.0,25.0
2023-10-14 16:17:08,33.0,23.0
2023-10-14 14:56:42,35.0,27.0
2023-10-14 10:12:53,32.0,23.0
2023-10-14 07:46:26,32.0,23.0
2023-10-14 03:52:58,38.0,29.0
2023-10-13 21:20:42,40.0,32.0
2023-10-13 18:23:25,35.0,31.0
2023-10-13 14:44:41,40.0,33.0
2023-10-13 12:37:05,40.0,32.0
2023-10-13 10:30:26,41.0,34.0
2023-10-13 07:55:36,41.0,32.0
2023-10-13 06:35:09,37.0,28.0
2023-10-12 22:06:44,37.0,28.0
2023-10-12 19:54:05,38.0,28.0
2023-10-12 18:14:37,40.0,34.0
2023-10-12 16:58:48,39.0,33.0
2023-10-12 13:59:53,41.0,38.0
2023-10-11 14:51:52,43.0,35.0
2023-10-11 12:27:20,40.0,32.0
2023-10-11 12:27:13,42.0,37.0
2023-10-11 08:04:17,38.0,25.0
2023-10-11 06:08:09,38.0,25.0
2023-10-11 04:41:12,39.0,31.0
2023-10-11 02:56:58,36.0,31.0
2023-10-10 23:57:25,36.0,25.0
2023-10-10 22:25:44,37.0,30.0
2023-10-10 20:15:58,37.0,27.0
2023-10-10 18:04:21,37.0,27.0
2023-10-10 16:37:05,35.0,27.0
2023-10-10 14:29:34,37.0,29.0
2023-10-10 12:05:32,37.0,28.0
2023-10-10 10:19:34,35.0,26.0
2023-10-10 07:52:11,41.0,35.0
2023-10-10 06:12:43,41.0,34.0
2023-10-10 03:38:37,41.0,27.0
2023-10-10 01:49:30,39.0,29.0
2023-10-09 22:36:47,42.0,34.0
2023-10-09 20:06:15,39.0,33.0
2023-10-09 18:04:43,40.0,32.0
2023-10-09 15:48:21,39.0,31.0
2023-10-09 14:07:17,37.0,32.0
2023-10-09 11:55:02,40.0,33.0
2023-10-09 09:49:04,39.0,34.0
2023-10-09 07:59:21,38.0,34.0
2023-10-09 05:47:23,38.0,33.0
2023-10-09 04:22:41,37.0,31.0
2023-10-09 02:14:48,37.0,29.0
2023-10-08 23:39:58,38.0,33.0
2023-10-08 17:53:40,37.0,35.0
2023-10-08 15:55:41,40.0,33.0
2023-10-08 14:11:26,40.0,34.0
2023-10-08 11:54:54,38.0,32.0
2023-10-08 10:03:30,39.0,33.0
2023-10-08 07:56:44,38.0,34.0
2023-10-08 01:32:36,34.0,27.0
2023-10-07 23:44:02,41.0,38.0
2023-10-07 19:45:57,42.0,36.0
2023-10-07 17:57:56,39.0,32.0
2023-10-07 16:07:06,40.0,33.0
2023-10-07 14:19:58,34.0,27.0
2023-10-07 11:46:07,39.0,32.0
2023-10-07 10:03:31,38.0,33.0
2023-10-07 07:54:13,37.0,32.0
2023-10-07 01:50:16,40.0,36.0
2023-10-06 21:41:39,41.0,37.0
2023-10-06 21:05:18,42.0,45.0
2023-10-06 17:55:07,38.0,31.0
2023-10-06 13:57:57,36.0,29.0
2023-10-06 11:53:19,37.0,31.0
2023-10-06 09:53:41,39.0,32.0
2023-10-06 07:53:54,37.0,34.0
2023-10-06 06:28:00,40.0,33.0
2023-10-06 05:04:15,39.0,32.0
2023-10-05 23:51:04,40.0,32.0
2023-10-05 21:15:13,39.0,32.0
2023-10-05 20:03:04,46.0,36.0
2023-10-05 17:53:37,34.0,28.0
2023-10-05 15:55:43,38.0,30.0
2023-10-05 13:48:47,39.0,31.0
2023-10-05 11:42:39,36.0,29.0
2023-10-05 10:14:55,38.0,33.0
2023-10-05 08:03:59,41.0,32.0
2023-10-05 06:07:15,44.0,34.0
2023-10-05 04:19:03,37.0,29.0
2023-10-05 01:47:40,43.0,33.0
2023-10-04 22:15:29,38.0,31.0
2023-10-04 20:01:25,35.0,25.0
2023-10-04 17:50:17,35.0,20.0
2023-10-04 16:35:15,35.0,29.0
2023-10-04 14:34:43,40.0,34.0
2023-10-04 11:47:18,39.0,34.0
2023-10-04 09:57:38,38.0,33.0
2023-10-04 08:05:06,41.0,38.0
2023-10-04 06:35:28,37.0,26.0
2023-10-04 05:02:17,38.0,30.0
2023-10-04 03:04:10,36.0,25.0
2023-10-04 00:41:37,37.0,26.0
2023-10-03 23:03:28,39.0,30.0
2023-10-03 21:18:30,39.0,30.0
2023-10-03 20:03:29,35.0,24.0
2023-10-03 06:03:40,39.0,29.0
2023-10-03 03:14:03,41.0,27.0
2023-10-03 00:42:49,41.0,30.0
2023-10-02 20:53:36,39.0,27.0
2023-10-02 10:35:40,41.0,32.0
2023-10-02 08:08:35,44.0,32.0
2023-10-02 05:04:10,38.0,28.0
2023-10-02 03:11:13,36.0,28.0
2023-10-02 00:19:54,39.0,31.0
2023-10-01 23:08:57,40.0,31.0
2023-10-01 22:04:04,39.0,29.0
2023-10-01 20:13:53,40.0,28.0
2023-10-01 10:30:58,41.0,30.0
2023-10-01 05:14:13,37.0,28.0
2023-10-01 00:48:22,38.0,27.0
2023-09-30 23:04:05,38.0,30.0
2023-09-30 20:57:37,37.0,25.0
2023-09-30 08:33:06,43.0,30.0
2023-09-30 06:07:42,37.0,28.0
2023-09-30 05:16:03,39.0,30.0
2023-09-30 04:03:38,36.0,29.0
2023-09-30 00:19:43,38.0,28.0
2023-09-29 23:20:23,37.0,25.0
2023-09-29 23:19:23,40.0,32.0
2023-09-29 20:14:33,39.0,31.0
2023-09-29 12:24:47,43.0,33.0
2023-09-29 11:41:04,43.0,33.0
2023-09-29 04:51:45,39.0,31.0
2023-09-29 03:11:52,40.0,32.0
2023-09-28 23:19:14,37.0,29.0
2023-09-28 22:04:08,37.0,30.0
2023-09-28 20:10:55,38.0,32.0
2023-09-28 08:00:49,43.0,33.0
2023-09-28 05:57:22,38.0,30.0
2023-09-28 05:04:47,39.0,30.0
2023-09-28 03:07:10,41.0,32.0
2023-09-28 01:26:02,41.0,32.0
2023-09-28 01:25:53,40.0,31.0
2023-09-28 01:25:41,40.0,29.0
2023-09-27 10:55:37,42.0,33.0
2023-09-27 10:25:33,42.0,31.0
2023-09-27 08:02:10,40.0,31.0
2023-09-27 05:58:27,38.0,31.0
2023-09-27 03:57:56,40.0,32.0
2023-09-27 02:12:50,39.0,34.0
2023-09-27 00:01:04,40.0,33.0
2023-09-26 21:48:16,44.0,35.0
2023-09-26 08:22:43,44.0,32.0
2023-09-26 05:56:29,40.0,33.0
2023-09-26 03:48:25,41.0,32.0
2023-09-26 02:04:42,35.0,26.0
2023-09-25 23:50:24,40.0,33.0
2023-09-25 21:40:54,41.0,34.0
2023-09-25 19:54:04,40.0,33.0
2023-09-25 15:30:50,38.0,34.0
2023-09-25 13:05:05,38.0,30.0
2023-09-25 10:09:34,40.0,33.0
2023-09-25 07:53:07,42.0,37.0
2023-09-25 05:55:46,40.0,32.0
2023-09-25 03:49:28,41.0,33.0
2023-09-25 01:52:49,41.0,34.0
2023-09-24 23:52:39,40.0,32.0
2023-09-24 21:49:04,38.0,34.0
2023-09-24 19:53:34,39.0,36.0
2023-09-24 18:00:53,37.0,31.0
2023-09-24 15:04:19,39.0,34.0
2023-09-24 12:54:14,38.0,36.0
2023-09-24 11:40:12,39.0,35.0
2023-09-24 10:54:36,41.0,37.0
2023-09-24 08:44:24,38.0,35.0
2023-09-24 07:46:37,42.0,36.0
2023-09-24 05:55:59,37.0,32.0
2023-09-24 03:52:13,39.0,34.0
2023-09-24 01:46:56,38.0,32.0
2023-09-23 23:51:22,38.0,34.0
2023-09-23 21:47:15,39.0,35.0
2023-09-23 19:52:37,37.0,34.0
2023-09-23 16:21:46,39.0,31.0
2023-09-23 11:37:47,37.0,31.0
2023-09-23 09:08:08,40.0,32.0
2023-09-23 07:59:03,43.0,38.0
2023-09-23 05:58:47,40.0,33.0
2023-09-23 03:57:41,41.0,32.0
2023-09-23 01:55:50,42.0,36.0
2023-09-22 23:43:42,38.0,34.0
2023-09-22 21:46:14,40.0,33.0
2023-09-22 19:47:41,41.0,35.0
2023-09-22 18:22:46,45.0,35.0
2023-09-22 15:21:12,38.0,32.0
2023-09-22 12:46:12,38.0,27.0
2023-09-22 09:28:21,40.0,34.0
2023-09-22 07:30:37,37.0,30.0
2023-09-22 05:44:27,35.0,34.0
2023-09-21 21:53:48,34.0,32.0
2023-09-21 19:52:27,37.0,34.0
2023-09-21 09:48:06,36.0,31.0
2023-09-21 09:18:20,38.0,35.0
2023-09-21 07:24:38,40.0,35.0
2023-09-21 06:00:33,31.0,31.0
2023-09-21 04:05:16,35.0,33.0
2023-09-21 02:04:20,38.0,36.0
2023-09-20 23:49:36,37.0,34.0
2023-09-20 22:07:10,40.0,34.0
2023-09-20 20:01:20,37.0,32.0
2023-09-20 18:42:32,40.0,32.0
2023-09-20 16:03:06,37.0,30.0
2023-09-20 11:31:06,40.0,32.0
2023-09-20 08:14:08,38.0,32.0
2023-09-19 21:58:29,40.0,29.0
2023-09-19 18:09:32,38.0,30.0
2023-09-19 17:03:35,35.0,27.0
2023-09-19 15:12:06,40.0,33.0
2023-09-19 12:36:22,40.0,32.0
2023-09-19 10:44:28,40.0,32.0
2023-09-19 08:12:10,38.0,29.0
2023-09-18 17:53:20,35.0,29.0
2023-09-18 16:19:30,38.0,32.0
2023-09-18 15:04:14,39.0,32.0
2023-09-18 12:53:12,36.0,29.0
2023-09-18 11:58:40,36.0,30.0
2023-09-18 10:06:23,40.0,37.0
2023-09-18 08:13:41,40.0,35.0
2023-09-17 21:29:31,45.0,33.0
2023-09-17 18:20:52,39.0,31.0
2023-09-17 17:16:13,39.0,32.0
2023-09-17 15:08:32,39.0,32.0
2023-09-17 12:46:31,37.0,29.0
2023-09-17 11:34:32,41.0,36.0
2023-09-17 10:18:54,40.0,35.0
2023-09-17 09:19:42,41.0,34.0
2023-09-17 07:57:20,43.0,38.0
2023-09-17 01:51:01,43.0,31.0
2023-09-17 00:33:30,43.0,33.0
2023-09-16 22:32:59,42.0,33.0
2023-09-16 17:03:41,41.0,34.0
2023-09-16 15:03:59,37.0,31.0
2023-09-16 12:44:10,40.0,32.0
2023-09-16 11:40:54,37.0,30.0
2023-09-16 10:13:58,39.0,32.0
2023-09-16 09:25:35,42.0,38.0
2023-09-16 08:01:37,38.0,32.0
2023-09-16 00:18:34,42.0,33.0
2023-09-15 23:37:20,43.0,33.0
2023-09-15 21:16:54,43.0,33.0
2023-09-15 20:14:56,45.0,33.0
2023-09-15 16:18:53,40.0,36.0
2023-09-15 15:03:26,40.0,35.0
2023-09-15 12:36:57,40.0,37.0
2023-09-15 10:42:19,41.0,32.0
2023-09-15 09:26:33,40.0,32.0
2023-09-15 08:13:53,42.0,34.0
2023-09-15 00:07:41,42.0,33.0
2023-09-14 21:34:12,44.0,33.0
2023-09-14 20:30:40,45.0,34.0
2023-09-14 18:16:56,39.0,31.0
2023-09-14 17:22:17,45.0,40.0
2023-09-14 14:41:40,41.0,33.0
2023-09-14 12:46:10,40.0,31.0
2023-09-14 11:09:56,40.0,32.0
2023-09-14 10:16:33,43.0,35.0
2023-09-14 08:27:12,28.0,27.0
2023-09-14 05:34:28,41.0,32.0
2023-09-14 04:18:11,42.0,30.0
2023-09-13 22:04:23,43.0,33.0
2023-09-13 18:14:15,41.0,32.0
2023-09-13 17:20:23,41.0,33.0
2023-09-13 16:15:01,45.0,36.0
2023-09-13 12:04:05,41.0,31.0
2023-09-13 10:39:32,37.0,29.0
2023-09-13 09:19:55,39.0,31.0
2023-09-13 07:54:39,38.0,30.0
2023-09-13 06:26:40,39.0,30.0
2023-09-13 05:04:02,40.0,33.0
2023-09-13 03:37:48,42.0,38.0
2023-09-13 03:06:13,42.0,40.0
2023-09-13 00:54:32,42.0,37.0
2023-09-12 23:11:26,44.0,38.0
2023-09-12 20:12:42,45.0,35.0
2023-09-12 17:51:47,41.0,34.0
2023-09-12 15:52:51,40.0,33.0
2023-09-12 14:38:50,37.0,28.0
2023-09-12 11:45:12,42.0,34.0
2023-09-12 10:08:26,40.0,32.0
2023-09-12 08:14:10,39.0,33.0
2023-09-12 06:11:19,40.0,31.0
2023-09-12 04:16:55,42.0,31.0
2023-09-11 07:55:10,40.0,31.0
2023-09-11 06:08:46,40.0,29.0
2023-09-11 04:28:23,39.0,30.0
2023-09-11 02:33:31,39.0,38.0
2023-09-11 01:23:21,41.0,38.0
2023-09-10 19:53:16,45.0,38.0
2023-09-10 19:53:09,45.0,38.0
2023-09-10 18:09:37,42.0,34.0
2023-09-10 16:06:36,40.0,33.0
2023-09-10 14:02:00,43.0,34.0
2023-09-10 12:06:10,43.0,33.0
2023-09-10 11:14:53,40.0,31.0
2023-09-10 07:51:12,42.0,36.0
2023-09-10 01:54:31,39.0,34.0
2023-09-10 00:32:21,41.0,33.0
2023-09-09 20:30:21,40.0,35.0
2023-09-09 19:55:55,44.0,38.0
2023-09-09 17:49:44,44.0,35.0
2023-09-09 15:52:52,43.0,33.0
2023-09-09 14:00:52,44.0,37.0
2023-09-09 11:51:10,42.0,37.0
2023-09-09 09:44:10,41.0,35.0
2023-09-09 07:46:30,39.0,32.0
2023-09-09 04:25:59,38.0,33.0
2023-09-09 01:23:01,41.0,37.0
2023-09-08 23:22:41,44.0,38.0
2023-09-08 22:33:38,44.0,39.0
2023-09-08 19:44:56,36.0,34.0
2023-09-08 17:59:41,39.0,30.0
2023-09-08 15:57:11,40.0,33.0
2023-09-08 13:57:57,38.0,32.0
2023-09-08 11:54:34,39.0,31.0
2023-09-08 09:54:49,37.0,32.0
2023-09-08 07:58:43,39.0,32.0
2023-09-08 02:41:20,43.0,33.0
2023-09-07 23:59:27,38.0,33.0
2023-09-07 21:24:28,40.0,34.0
2023-09-07 17:59:14,41.0,32.0
2023-09-07 16:04:37,38.0,32.0
2023-09-07 14:03:36,37.0,33.0
2023-09-07 11:53:45,37.0,32.0
2023-09-07 09:51:00,38.0,30.0
2023-09-07 08:02:46,37.0,34.0
2023-09-06 21:39:49,39.0,29.0
2023-09-06 19:53:04,42.0,34.0
2023-09-06 18:09:02,39.0,32.0
2023-09-06 17:33:48,35.0,30.0
2023-09-06 16:08:56,36.0,29.0
2023-09-06 14:02:41,36.0,32.0
2023-09-06 12:01:40,35.0,29.0
2023-09-06 09:50:56,39.0,33.0
2023-09-06 09:08:24,43.0,35.0
2023-09-06 08:44:00,42.0,34.0
2023-09-06 06:21:54,40.0,33.0
2023-09-06 04:16:38,44.0,44.0
2023-09-06 00:17:00,43.0,36.0
2023-09-05 23:18:02,44.0,37.0
2023-09-05 22:03:23,41.0,32.0
2023-09-05 20:11:47,39.0,31.0
2023-09-05 13:57:32,43.0,33.0
2023-09-05 12:25:00,43.0,34.0
2023-09-05 11:20:53,44.0,30.0
2023-09-05 11:20:40,42.0,37.0
2023-09-05 09:28:12,47.0,34.0
2023-09-05 09:28:02,39.0,34.0
2023-09-05 03:11:49,40.0,33.0
2023-09-05 00:19:09,40.0,33.0
2023-09-04 22:35:54,40.0,32.0
2023-09-04 21:29:49,42.0,36.0
2023-09-04 20:13:55,44.0,35.0
2023-09-04 05:13:38,30.0,24.0
2023-09-04 04:21:15,37.0,30.0
2023-09-04 03:15:24,39.0,34.0
2023-09-03 23:04:44,39.0,31.0
2023-09-03 21:39:54,42.0,35.0
2023-09-03 20:08:23,41.0,35.0
2023-09-03 08:29:18,38.0,30.0
2023-09-03 06:08:58,38.0,31.0
2023-09-03 04:22:17,39.0,32.0
2023-09-03 02:17:55,37.0,31.0
2023-09-02 22:08:13,34.0,31.0
2023-09-02 21:17:13,40.0,32.0
2023-09-02 20:20:57,46.0,40.0
2023-09-02 06:16:58,40.0,32.0
2023-09-02 04:53:39,38.0,31.0
2023-09-02 03:27:08,40.0,33.0
2023-09-01 23:53:30,41.0,32.0
2023-09-01 22:28:22,37.0,30.0
2023-09-01 05:55:03,41.0,34.0
2023-09-01 03:28:12,38.0,29.0
2023-09-01 00:01:52,39.0,31.0
2023-08-31 22:13:53,41.0,33.0
2023-08-31 21:16:12,42.0,34.0
2023-08-31 20:21:32,46.0,40.0
2023-08-31 11:55:52,45.0,36.0
2023-08-31 08:28:11,42.0,33.0
2023-08-31 06:17:34,41.0,30.0
2023-08-31 03:19:46,41.0,32.0
2023-08-31 00:14:36,39.0,32.0
2023-08-30 22:17:59,40.0,30.0
2023-08-30 20:08:20,40.0,32.0
2023-08-30 11:22:43,41.0,33.0
2023-08-30 10:38:41,40.0,32.0
2023-08-30 06:03:04,40.0,30.0
2023-08-30 03:59:12,39.0,29.0
2023-08-30 02:09:54,38.0,29.0
2023-08-29 23:55:27,39.0,30.0
2023-08-29 21:58:14,39.0,29.0
2023-08-29 19:56:30,39.0,30.0
2023-08-29 13:45:52,37.0,28.0
2023-08-29 10:18:45,41.0,33.0
2023-08-29 08:14:54,39.0,32.0
2023-08-29 07:15:44,40.0,31.0
2023-08-29 06:02:44,40.0,31.0
2023-08-29 04:00:38,40.0,31.0
2023-08-29 02:15:32,39.0,31.0
2023-08-29 00:09:22,39.0,31.0
2023-08-28 20:02:31,39.0,30.0
2023-08-28 18:35:52,40.0,33.0
2023-08-28 18:19:31,43.0,26.0
2023-08-28 12:06:50,38.0,32.0
2023-08-28 11:14:12,40.0,35.0
2023-08-28 09:25:38,38.0,31.0
2023-08-28 07:27:31,40.0,31.0
2023-08-28 04:13:32,39.0,29.0
2023-08-28 02:13:50,40.0,31.0
2023-08-28 00:05:13,39.0,30.0
2023-08-27 21:55:02,40.0,30.0
2023-08-27 20:00:48,39.0,29.0
2023-08-27 16:56:06,40.0,30.0
2023-08-27 14:20:42,38.0,34.0
2023-08-27 11:28:43,42.0,37.0
2023-08-27 07:56:17,42.0,34.0
2023-08-27 05:58:09,39.0,30.0
2023-08-27 03:53:54,40.0,30.0
2023-08-27 02:00:40,39.0,30.0
2023-08-26 23:58:28,39.0,30.0
2023-08-26 21:58:38,40.0,31.0
2023-08-26 20:07:35,40.0,31.0
2023-08-26 18:14:19,40.0,31.0
2023-08-26 16:27:13,41.0,32.0
2023-08-26 15:03:26,37.0,29.0
2023-08-26 12:09:03,38.0,32.0
2023-08-26 11:47:49,41.0,37.0
2023-08-26 10:05:31,41.0,33.0
2023-08-26 08:44:11,41.0,33.0
2023-08-26 08:01:09,41.0,36.0
2023-08-26 06:05:53,39.0,30.0
2023-08-26 04:02:50,41.0,31.0
2023-08-26 02:01:28,40.0,31.0
2023-08-26 00:05:06,40.0,32.0
2023-08-25 22:00:57,40.0,31.0
2023-08-25 20:05:26,42.0,29.0
2023-08-25 20:05:10,41.0,31.0
2023-08-25 18:29:02,39.0,30.0
2023-08-25 13:47:46,45.0,35.0
2023-08-25 10:28:19,41.0,36.0
2023-08-25 08:41:22,38.0,31.0
2023-08-25 05:59:08,39.0,31.0
2023-08-25 03:58:47,39.0,31.0
2023-08-25 02:19:10,39.0,30.0
2023-08-24 23:58:26,40.0,31.0
2023-08-24 22:06:34,39.0,30.0
2023-08-24 20:12:39,40.0,31.0
2023-08-24 17:02:01,42.0,34.0
2023-08-24 15:08:48,41.0,28.0
2023-08-24 11:56:30,40.0,33.0
2023-08-24 08:24:23,40.0,32.0
2023-08-24 08:21:44,40.0,35.0
2023-08-24 04:07:02,40.0,30.0
2023-08-24 02:29:37,39.0,30.0
2023-08-23 22:00:35,40.0,31.0
2023-08-23 20:05:36,41.0,32.0
2023-08-23 16:17:48,45.0,30.0
2023-08-23 12:49:40,40.0,32.0
2023-08-23 08:58:53,42.0,36.0
2023-08-23 07:39:16,42.0,36.0
2023-08-23 03:09:39,42.0,33.0
2023-08-23 00:40:35,44.0,33.0
2023-08-22 23:39:36,43.0,34.0
2023-08-22 20:43:58,45.0,34.0
2023-08-22 17:53:26,39.0,33.0
2023-08-22 12:29:54,40.0,32.0
2023-08-22 11:04:53,42.0,34.0
2023-08-22 08:02:36,38.0,31.0
2023-08-22 06:28:22,42.0,32.0
2023-08-22 04:57:59,40.0,32.0
2023-08-22 01:15:34,41.0,33.0
2023-08-21 22:30:03,40.0,31.0
2023-08-21 21:19:27,43.0,31.0
2023-08-21 20:01:36,42.0,31.0
2023-08-21 16:58:14,39.0,32.0
2023-08-21 15:15:28,37.0,32.0
2023-08-21 12:15:15,37.0,31.0
2023-08-21 09:25:49,37.0,32.0
2023-08-21 08:15:47,37.0,31.0
2023-08-21 05:46:43,41.0,32.0
2023-08-21 04:13:00,42.0,33.0
2023-08-21 00:14:10,41.0,31.0
2023-08-20 21:58:15,42.0,32.0
2023-08-20 20:09:10,41.0,32.0
2023-08-20 18:21:50,39.0,32.0
2023-08-20 17:05:39,38.0,32.0
2023-08-20 15:08:09,42.0,31.0
2023-08-20 11:11:30,37.0,31.0
2023-08-20 10:01:54,41.0,40.0
2023-08-20 08:03:14,40.0,38.0
2023-08-20 05:58:05,43.0,33.0
2023-08-20 00:05:09,42.0,34.0
2023-08-19 18:04:45,36.0,29.0
2023-08-19 15:09:11,37.0,30.0
2023-08-19 12:06:35,37.0,30.0
2023-08-19 11:31:07,43.0,42.0
2023-08-19 10:12:27,38.0,32.0
2023-08-19 08:48:32,41.0,37.0
2023-08-19 05:24:08,43.0,33.0
2023-08-19 04:48:03,43.0,33.0
2023-08-19 01:21:31,43.0,32.0
2023-08-18 23:32:22,42.0,33.0
2023-08-18 20:00:18,44.0,34.0
2023-08-18 16:38:34,37.0,30.0
2023-08-18 14:51:15,35.0,24.0
2023-08-18 12:39:03,37.0,33.0
2023-08-18 10:01:47,37.0,28.0
2023-08-18 09:15:57,34.0,27.0
2023-08-18 08:12:59,32.0,25.0
2023-08-18 04:27:03,44.0,33.0
2023-08-18 02:36:02,43.0,33.0
2023-08-18 00:37:47,43.0,33.0
2023-08-17 22:14:40,44.0,34.0
2023-08-17 19:56:31,44.0,35.0
2023-08-17 18:05:52,41.0,38.0
2023-08-17 16:21:30,38.0,32.0
2023-08-17 12:16:15,39.0,34.0
2023-08-17 11:10:22,38.0,32.0
2023-08-17 09:25:38,38.0,31.0
2023-08-17 08:07:35,40.0,32.0
2023-08-16 19:44:40,44.0,33.0
2023-08-16 18:02:13,35.0,26.0
2023-08-16 16:20:55,37.0,28.0
2023-08-16 14:55:28,35.0,29.0
2023-08-16 12:14:11,37.0,28.0
2023-08-16 10:31:11,33.0,25.0
2023-08-16 09:34:00,30.0,20.0
2023-08-16 07:57:37,36.0,27.0
2023-08-16 05:50:54,39.0,35.0
2023-08-16 04:56:25,39.0,34.0
2023-08-15 16:37:55,37.0,30.0
2023-08-15 13:57:10,39.0,32.0
2023-08-15 12:09:33,37.0,30.0
2023-08-15 10:29:45,39.0,32.0
2023-08-15 08:19:16,39.0,32.0
2023-08-15 06:01:56,37.0,31.0
2023-08-15 03:08:51,38.0,32.0
2023-08-15 00:57:35,37.0,29.0
2023-08-14 23:18:50,38.0,28.0
2023-08-14 21:36:57,40.0,33.0
2023-08-14 20:07:33,42.0,36.0
2023-08-14 18:23:42,38.0,30.0
2023-08-14 16:14:30,40.0,33.0
2023-08-14 13:59:30,38.0,30.0
2023-08-14 12:05:58,38.0,31.0
2023-08-14 10:13:11,37.0,31.0
2023-08-14 08:13:38,37.0,32.0
2023-08-14 06:16:27,40.0,35.0
2023-08-14 04:37:37,39.0,34.0
2023-08-14 02:22:52,39.0,32.0
2023-08-14 00:52:28,39.0,31.0
2023-08-13 22:30:20,39.0,28.0
2023-08-13 19:43:24,42.0,32.0
2023-08-13 18:16:29,40.0,37.0
2023-08-13 15:43:51,39.0,34.0
2023-08-13 03:24:13,38.0,34.0
2023-08-13 01:33:17,38.0,32.0
2023-08-12 22:21:20,39.0,35.0
2023-08-12 19:57:52,39.0,34.0
2023-08-12 18:27:24,40.0,36.0
2023-08-12 16:25:43,39.0,34.0
2023-08-12 13:59:15,38.0,33.0
2023-08-12 11:56:29,37.0,31.0
2023-08-12 10:13:59,39.0,34.0
2023-08-12 08:17:40,39.0,34.0
2023-08-12 06:36:46,39.0,33.0
2023-08-12 05:04:05,41.0,34.0
2023-08-12 03:38:22,41.0,33.0
2023-08-12 01:40:15,38.0,31.0
2023-08-11 22:14:51,40.0,32.0
2023-08-11 20:41:48,39.0,32.0
2023-08-11 16:21:41,38.0,33.0
2023-08-11 14:00:21,39.0,35.0
2023-08-11 10:40:56,40.0,35.0
2023-08-11 08:22:59,42.0,36.0
2023-08-11 06:31:14,38.0,32.0
2023-08-11 03:12:59,35.0,30.0
2023-08-10 23:58:15,40.0,31.0
2023-08-10 21:56:19,43.0,33.0
2023-08-10 20:21:53,41.0,29.0
2023-08-10 18:33:34,41.0,34.0
2023-08-10 16:12:44,40.0,34.0
2023-08-10 13:59:50,39.0,32.0
2023-08-10 13:26:31,37.0,31.0
2023-08-10 09:40:07,40.0,35.0
2023-08-10 08:25:46,39.0,32.0
2023-08-10 04:06:07,38.0,29.0
2023-08-10 02:37:49,42.0,34.0
2023-08-10 01:50:45,43.0,33.0
2023-08-10 01:35:13,45.0,34.0
2023-08-10 00:10:30,42.0,32.0
2023-08-09 22:42:58,43.0,33.0
2023-08-09 20:07:15,39.0,30.0
2023-08-09 18:20:14,40.0,33.0
2023-08-09 16:49:22,42.0,34.0
2023-08-07 20:28:12,37.0,28.0
2023-08-07 06:30:34,42.0,34.0
2023-08-07 03:24:30,42.0,35.0
2023-08-07 00:30:44,38.0,32.0
2023-08-06 23:12:24,38.0,32.0
2023-08-06 22:20:07,45.0,40.0
2023-08-06 20:30:09,37.0,31.0
2023-08-06 13:49:25,41.0,31.0
2023-08-06 12:05:56,42.0,33.0
2023-08-06 07:56:58,40.0,32.0
2023-08-06 05:57:06,39.0,30.0
2023-08-06 00:39:01,42.0,38.0
2023-08-05 22:15:21,40.0,34.0
2023-08-05 20:16:40,38.0,32.0
2023-08-05 08:29:31,41.0,31.0
2023-08-05 06:20:34,40.0,31.0
2023-08-05 05:05:34,41.0,37.0
2023-08-05 03:16:48,42.0,39.0
2023-08-04 23:08:52,44.0,37.0
2023-08-04 22:21:27,42.0,35.0
2023-08-04 21:07:38,41.0,37.0
2023-08-04 20:07:06,44.0,38.0
2023-08-04 16:52:50,45.0,32.0
2023-08-04 16:27:43,43.0,31.0
2023-08-04 13:58:51,41.0,32.0
2023-08-04 12:27:48,42.0,33.0
2023-08-04 09:23:36,43.0,32.0
2023-08-04 05:11:46,39.0,33.0
2023-08-04 05:11:42,38.0,31.0
2023-08-04 00:30:59,39.0,32.0
2023-08-03 23:24:40,38.0,31.0
2023-08-03 22:08:21,41.0,37.0
2023-08-03 20:16:08,40.0,32.0
2023-08-03 17:41:25,42.0,32.0
2023-08-03 13:01:09,42.0,30.0
2023-08-03 08:08:54,41.0,31.0
2023-08-03 05:34:37,39.0,32.0
2023-08-03 03:16:21,37.0,31.0
2023-08-03 00:45:12,37.0,27.0
2023-08-02 23:11:44,37.0,30.0
2023-08-02 22:19:58,39.0,28.0
2023-08-02 20:13:18,40.0,34.0
2023-08-02 17:20:50,40.0,31.0
2023-08-02 13:41:17,41.0,31.0
2023-08-02 09:46:23,40.0,31.0
2023-08-02 08:27:55,42.0,33.0
2023-08-02 05:54:08,40.0,33.0
2023-08-02 03:50:28,38.0,32.0
2023-08-02 01:59:35,39.0,32.0
2023-08-01 23:58:21,39.0,34.0
2023-08-01 21:52:16,41.0,32.0
2023-08-01 19:51:34,38.0,33.0
2023-08-01 18:14:55,39.0,33.0
2023-08-01 14:04:44,40.0,34.0
2023-08-01 12:35:41,33.0,30.0
2023-08-01 12:19:37,38.0,36.0
2023-08-01 11:38:33,36.0,36.0
2023-08-01 08:38:21,42.0,37.0
2023-08-01 05:53:38,39.0,32.0
2023-08-01 04:04:58,36.0,32.0
2023-08-01 01:57:56,38.0,31.0
2023-07-31 23:44:22,41.0,33.0
2023-07-31 22:14:57,37.0,28.0
2023-07-31 21:51:10,31.0,19.0
2023-07-31 20:00:29,38.0,33.0
2023-07-31 18:24:53,39.0,34.0
2023-07-31 16:16:18,43.0,36.0
2023-07-31 13:59:24,43.0,34.0
2023-07-31 12:02:21,42.0,34.0
2023-07-31 07:53:44,42.0,34.0
2023-07-31 05:49:15,39.0,30.0
2023-07-31 03:53:25,36.0,23.0
2023-07-31 01:52:15,38.0,31.0
2023-07-30 23:54:54,37.0,28.0
2023-07-30 21:59:19,38.0,27.0
2023-07-30 19:53:11,35.0,24.0
2023-07-30 18:17:34,40.0,31.0
2023-07-30 16:46:09,42.0,32.0
2023-07-30 11:22:42,44.0,34.0
2023-07-30 07:58:24,42.0,32.0
2023-07-30 05:52:09,37.0,32.0
2023-07-30 03:50:43,38.0,33.0
2023-07-30 02:05:55,37.0,32.0
2023-07-29 23:40:32,38.0,33.0
2023-07-29 21:50:42,39.0,32.0
2023-07-29 19:42:48,38.0,30.0
2023-07-29 18:23:32,44.0,36.0
2023-07-29 14:44:49,42.0,33.0
2023-07-29 13:00:32,40.0,31.0
2023-07-29 12:13:17,43.0,38.0
2023-07-29 10:47:51,41.0,33.0
2023-07-29 07:38:50,45.0,32.0
2023-07-29 05:51:52,36.0,26.0
2023-07-29 03:43:12,38.0,26.0
2023-07-29 02:04:52,37.0,27.0
2023-07-28 23:48:59,39.0,28.0
2023-07-28 19:51:17,38.0,27.0
2023-07-28 18:12:57,45.0,32.0
2023-07-28 16:48:12,42.0,32.0
2023-07-28 14:18:56,45.0,32.0
2023-07-28 09:37:40,44.0,33.0
2023-07-28 07:37:35,41.0,33.0
2023-07-28 05:54:26,40.0,33.0
2023-07-28 03:53:36,40.0,31.0
2023-07-28 02:04:45,37.0,28.0
2023-07-27 23:51:22,38.0,32.0
2023-07-27 21:55:58,38.0,31.0
2023-07-27 19:53:28,37.0,28.0
2023-07-27 16:18:40,41.0,33.0
2023-07-27 14:09:00,36.0,32.0
2023-07-27 12:36:29,41.0,33.0
2023-07-27 07:38:05,42.0,34.0
2023-07-27 05:57:31,38.0,30.0
2023-07-27 04:03:00,39.0,34.0
2023-07-27 02:09:29,42.0,34.0
2023-07-26 23:58:27,40.0,32.0
2023-07-26 22:15:18,40.0,31.0
2023-07-26 21:27:24,38.0,32.0
2023-07-26 16:11:22,42.0,35.0
2023-07-26 12:08:48,40.0,35.0
2023-07-26 09:56:02,42.0,37.0
2023-07-26 08:20:52,42.0,36.0
2023-07-25 22:13:07,41.0,31.0
2023-07-25 20:18:34,41.0,32.0
2023-07-25 17:56:11,41.0,32.0
2023-07-25 16:34:52,39.0,33.0
2023-07-25 15:24:46,40.0,32.0
2023-07-25 12:18:43,40.0,34.0
2023-07-25 10:45:14,39.0,32.0
2023-07-25 08:06:10,36.0,29.0
2023-07-24 22:15:49,41.0,31.0
2023-07-24 20:34:07,40.0,31.0
2023-07-24 18:16:02,34.0,27.0
2023-07-24 14:17:39,37.0,31.0
2023-07-24 12:30:29,46.0,50.0
2023-07-24 11:05:05,39.0,32.0
2023-07-24 10:13:02,39.0,32.0
2023-07-24 07:58:00,37.0,29.0
2023-07-24 05:20:34,40.0,31.0
2023-07-24 01:31:40,40.0,32.0
2023-07-23 21:32:45,41.0,33.0
2023-07-23 19:42:48,41.0,33.0
2023-07-23 18:13:04,39.0,32.0
2023-07-23 15:06:57,38.0,32.0
2023-07-23 12:14:40,37.0,31.0
2023-07-23 11:13:02,44.0,41.0
2023-07-23 10:06:15,39.0,33.0
2023-07-23 08:30:02,39.0,32.0
2023-07-23 04:53:42,42.0,33.0
2023-07-23 00:49:07,41.0,30.0
2023-07-22 23:51:51,42.0,34.0
2023-07-22 21:05:19,44.0,36.0
2023-07-22 20:03:14,43.0,37.0
2023-07-22 18:13:23,42.0,40.0
2023-07-22 17:03:54,41.0,40.0
2023-07-22 15:42:50,37.0,30.0
2023-07-22 12:57:34,40.0,38.0
2023-07-22 11:30:44,40.0,38.0
2023-07-22 10:04:54,40.0,38.0
2023-07-22 08:07:30,39.0,32.0
2023-07-22 05:38:50,42.0,32.0
2023-07-22 04:10:03,42.0,30.0
2023-07-22 00:50:12,41.0,32.0
2023-07-21 23:11:33,42.0,29.0
2023-07-21 21:39:02,41.0,31.0
2023-07-21 19:58:51,43.0,33.0
2023-07-21 17:41:37,41.0,37.0
2023-07-21 12:22:58,38.0,30.0
2023-07-21 11:14:48,35.0,30.0
2023-07-21 07:57:14,37.0,31.0
2023-07-21 05:22:17,43.0,31.0
2023-07-21 00:35:55,42.0,32.0
2023-07-20 22:38:28,42.0,32.0
2023-07-20 20:09:11,41.0,33.0
2023-07-20 16:57:05,39.0,31.0
2023-07-20 16:19:38,40.0,33.0
2023-07-20 11:09:38,40.0,33.0
2023-07-20 10:02:33,38.0,31.0
2023-07-20 08:04:44,39.0,32.0
2023-07-20 05:51:42,40.0,33.0
2023-07-20 04:35:53,42.0,31.0
2023-07-20 00:26:04,42.0,33.0
2023-07-19 19:56:26,42.0,32.0
2023-07-19 18:18:50,38.0,30.0
2023-07-19 17:32:34,39.0,32.0
2023-07-19 15:12:20,37.0,31.0
2023-07-19 11:09:01,44.0,37.0
2023-07-19 09:24:26,41.0,33.0
2023-07-19 08:04:44,39.0,31.0
2023-07-19 05:53:59,43.0,29.0
2023-07-18 02:18:35,40.0,29.0
2023-07-18 00:14:11,43.0,36.0
2023-07-17 22:39:15,41.0,30.0
2023-07-17 21:17:05,40.0,32.0
2023-07-17 18:06:21,38.0,30.0
2023-07-17 16:18:05,39.0,31.0
2023-07-17 14:03:31,38.0,31.0
2023-07-17 12:05:04,38.0,30.0
2023-07-17 10:03:06,38.0,29.0
2023-07-17 07:56:07,40.0,32.0
2023-07-17 06:09:22,38.0,32.0
2023-07-17 01:36:32,36.0,28.0
2023-07-16 23:15:18,37.0,32.0
2023-07-16 20:16:51,39.0,34.0
2023-07-16 17:59:26,41.0,32.0
2023-07-16 16:10:54,40.0,32.0
2023-07-16 13:55:21,38.0,30.0
2023-07-16 11:51:03,39.0,31.0
2023-07-16 10:15:28,38.0,31.0
2023-07-16 08:02:09,39.0,30.0
2023-07-16 06:13:06,38.0,33.0
2023-07-16 00:37:39,37.0,25.0
2023-07-15 21:12:50,39.0,27.0
2023-07-15 20:42:06,31.0,19.0
2023-07-15 18:06:03,40.0,32.0
2023-07-15 15:27:38,40.0,31.0
2023-07-15 11:53:05,39.0,31.0
2023-07-15 09:53:20,39.0,31.0
2023-07-15 08:02:42,38.0,30.0
2023-07-15 06:30:35,36.0,33.0
2023-07-15 02:59:58,37.0,32.0
2023-07-14 22:49:23,36.0,32.0
2023-07-14 20:38:48,39.0,33.0
2023-07-14 17:55:55,38.0,32.0
2023-07-14 16:10:10,38.0,33.0
2023-07-14 14:02:26,39.0,32.0
2023-07-14 11:57:36,38.0,32.0
2023-07-14 10:08:40,37.0,32.0
2023-07-14 08:06:20,38.0,32.0
2023-07-14 06:30:39,41.0,35.0
2023-07-13 23:42:39,38.0,32.0
2023-07-13 21:45:58,36.0,29.0
2023-07-13 19:42:10,40.0,36.0
2023-07-13 17:55:04,38.0,32.0
2023-07-13 15:54:08,37.0,31.0
2023-07-13 12:50:06,38.0,33.0
2023-07-13 10:06:46,39.0,34.0
2023-07-13 08:07:26,38.0,32.0
2023-07-13 06:21:40,38.0,32.0
2023-07-13 03:53:49,40.0,34.0
2023-07-13 02:11:36,40.0,35.0
2023-07-12 23:47:45,38.0,35.0
2023-07-12 22:04:36,37.0,34.0
2023-07-12 20:09:17,35.0,27.0
2023-07-12 17:58:01,38.0,31.0
2023-07-12 16:07:23,38.0,32.0
2023-07-12 13:53:22,38.0,31.0
2023-07-12 11:52:57,37.0,30.0
2023-07-12 10:01:04,38.0,32.0
2023-07-12 08:07:39,38.0,33.0
2023-07-12 06:24:47,40.0,31.0
2023-07-12 04:55:57,38.0,33.0
2023-07-11 22:10:52,39.0,34.0
2023-07-11 19:53:45,41.0,36.0
2023-07-11 06:06:09,43.0,37.0
2023-07-11 05:16:21,42.0,36.0
2023-07-11 04:24:34,40.0,34.0
2023-07-11 03:15:13,45.0,40.0
2023-07-11 00:27:56,35.0,28.0
2023-07-10 23:10:12,37.0,30.0
2023-07-10 04:26:19,36.0,29.0
2023-07-10 02:27:11,37.0,33.0
2023-07-09 23:43:20,38.0,32.0
2023-07-09 22:17:26,39.0,32.0
2023-07-09 20:23:18,38.0,33.0
2023-07-09 09:47:57,44.0,32.0
2023-07-09 05:58:44,37.0,31.0
2023-07-09 02:19:31,36.0,31.0
2023-07-09 00:34:53,38.0,30.0
2023-07-08 23:13:29,38.0,32.0
2023-07-08 21:54:29,38.0,31.0
2023-07-08 20:07:28,42.0,34.0
2023-07-08 06:01:13,41.0,32.0
2023-07-08 04:26:50,37.0,31.0
2023-07-08 02:13:27,42.0,37.0
2023-07-08 00:22:41,47.0,50.0
2023-07-07 22:04:35,40.0,32.0
2023-07-07 20:28:20,32.0,26.0
2023-07-07 06:16:28,45.0,41.0
2023-07-07 04:31:53,37.0,31.0
2023-07-07 02:19:36,37.0,29.0
2023-07-07 00:26:27,31.0,26.0
2023-07-06 22:23:01,42.0,33.0
2023-07-06 20:18:07,41.0,32.0
2023-07-06 12:11:48,42.0,31.0
2023-07-06 10:34:18,40.0,30.0
2023-07-06 08:47:27,39.0,28.0
2023-07-06 06:11:42,37.0,31.0
2023-07-06 05:06:12,43.0,41.0
2023-07-06 03:00:07,39.0,33.0
2023-07-06 00:08:03,38.0,32.0
2023-07-05 23:09:29,37.0,30.0
2023-07-05 22:08:57,42.0,39.0
2023-07-05 20:12:31,36.0,29.0
2023-07-05 11:51:34,37.0,31.0
2023-07-05 10:22:14,39.0,36.0
2023-07-05 05:54:24,42.0,32.0
2023-07-05 04:05:12,42.0,33.0
2023-07-05 01:52:54,38.0,29.0
2023-07-04 23:52:55,38.0,30.0
2023-07-04 22:39:00,38.0,29.0
2023-07-04 20:21:56,42.0,33.0
2023-07-04 16:54:18,37.0,32.0
2023-07-04 12:54:28,38.0,34.0
2023-07-04 09:47:43,41.0,33.0
2023-07-04 08:13:11,40.0,34.0
2023-07-04 05:55:29,41.0,32.0
2023-07-04 03:42:47,39.0,30.0
2023-07-04 00:08:53,39.0,31.0
2023-07-03 22:00:12,42.0,33.0
2023-07-03 19:39:58,40.0,30.0
2023-07-03 18:28:35,40.0,28.0
2023-07-03 17:29:27,39.0,28.0
2023-07-03 17:03:02,41.0,32.0
2023-07-03 14:07:42,42.0,33.0
2023-07-03 11:43:37,41.0,27.0
2023-07-03 09:33:59,41.0,26.0
2023-07-03 05:58:34,37.0,28.0
2023-07-03 03:57:28,37.0,29.0
2023-07-03 02:16:00,38.0,29.0
2023-07-02 23:48:37,38.0,30.0
2023-07-02 22:03:00,38.0,29.0
2023-07-02 20:03:18,37.0,28.0
2023-07-02 18:17:52,38.0,31.0
2023-07-02 14:07:57,37.0,31.0
2023-07-02 12:22:31,36.0,33.0
2023-07-02 11:38:29,42.0,34.0
2023-07-02 09:12:47,42.0,32.0
2023-07-02 06:00:37,38.0,30.0
2023-07-02 04:02:53,39.0,30.0
2023-07-02 02:49:58,39.0,30.0
2023-07-01 23:47:26,38.0,29.0
2023-07-01 22:03:05,38.0,29.0
2023-07-01 20:04:29,37.0,28.0
2023-07-01 16:11:07,37.0,29.0
2023-07-01 13:10:07,38.0,33.0
2023-07-01 05:57:48,39.0,31.0
2023-07-01 03:58:51,39.0,31.0
2023-07-01 02:05:13,39.0,31.0
2023-06-30 23:52:44,39.0,30.0
2023-06-30 22:19:30,39.0,31.0
2023-06-30 20:06:31,38.0,31.0
2023-06-30 18:19:35,36.0,27.0
2023-06-30 16:18:35,41.0,34.0
2023-06-30 14:36:19,40.0,34.0
2023-06-30 12:09:58,42.0,34.0
2023-06-30 11:16:28,41.0,33.0
2023-06-30 09:59:51,38.0,34.0
2023-06-30 08:01:53,43.0,33.0
2023-06-30 06:00:31,37.0,30.0
2023-06-30 04:07:22,38.0,30.0
2023-06-30 02:06:56,39.0,30.0
2023-06-30 00:48:20,38.0,30.0
2023-06-29 22:26:34,38.0,31.0
2023-06-29 20:15:33,39.0,30.0
2023-06-29 17:10:20,41.0,29.0
2023-06-29 13:43:14,35.0,22.0
2023-06-29 11:09:42,37.0,30.0
2023-06-29 09:59:03,37.0,29.0
2023-06-29 07:43:44,36.0,28.0
2023-06-29 06:26:24,38.0,31.0
2023-06-29 03:59:04,38.0,30.0
2023-06-29 02:06:40,38.0,29.0
2023-06-29 00:03:05,36.0,26.0
2023-06-28 21:52:29,36.0,27.0
2023-06-28 18:15:42,38.0,31.0
2023-06-28 16:40:55,38.0,29.0
2023-06-28 13:34:39,40.0,34.0
2023-06-28 12:41:00,37.0,30.0
2023-06-28 11:23:37,39.0,32.0
2023-06-28 09:22:36,42.0,34.0
2023-06-28 08:31:12,37.0,26.0
2023-06-27 21:30:35,44.0,33.0
2023-06-27 19:43:09,44.0,33.0
2023-06-27 18:02:48,38.0,37.0
2023-06-27 16:11:45,39.0,32.0
2023-06-27 12:42:52,39.0,38.0
2023-06-27 11:19:31,39.0,35.0
2023-06-27 10:10:09,36.0,29.0
2023-06-27 07:58:41,36.0,31.0
2023-06-27 04:12:09,41.0,31.0
2023-06-27 04:11:56,43.0,32.0
2023-06-27 02:09:51,43.0,31.0
2023-06-27 01:31:40,44.0,36.0
2023-06-26 18:17:39,38.0,34.0
2023-06-26 16:11:36,37.0,33.0
2023-06-26 14:21:54,38.0,32.0
2023-06-26 11:24:58,36.0,31.0
2023-06-26 09:19:23,35.0,27.0
2023-06-26 08:09:55,37.0,31.0
2023-06-25 21:09:37,41.0,32.0
2023-06-25 18:30:18,40.0,32.0
2023-06-25 17:33:43,39.0,31.0
2023-06-25 16:07:36,40.0,32.0
2023-06-25 12:23:47,40.0,33.0
2023-06-25 09:48:31,39.0,30.0
2023-06-25 08:01:32,41.0,35.0
2023-06-25 02:14:30,41.0,30.0
2023-06-25 00:01:36,41.0,30.0
2023-06-24 20:03:39,42.0,32.0
2023-06-24 18:09:13,37.0,30.0
2023-06-24 16:08:36,38.0,34.0
2023-06-24 14:56:18,39.0,31.0
2023-06-24 11:34:21,37.0,31.0
2023-06-24 10:45:37,40.0,35.0
2023-06-24 08:13:56,40.0,33.0
2023-06-23 22:22:47,42.0,32.0
2023-06-23 19:48:48,40.0,32.0
2023-06-23 17:22:39,41.0,37.0
2023-06-23 14:25:04,40.0,35.0
2023-06-23 12:08:36,41.0,36.0
2023-06-23 11:32:23,43.0,40.0
2023-06-23 09:30:49,38.0,37.0
2023-06-23 08:05:12,37.0,35.0
2023-06-22 20:25:57,41.0,31.0
2023-06-22 18:12:33,40.0,36.0
2023-06-22 16:12:45,40.0,35.0
2023-06-22 14:32:22,41.0,34.0
2023-06-22 12:04:25,39.0,37.0
2023-06-22 10:15:17,40.0,34.0
2023-06-22 08:27:20,40.0,32.0
2023-06-21 17:38:29,37.0,32.0
2023-06-21 16:09:07,35.0,27.0
2023-06-21 14:31:13,39.0,37.0
2023-06-21 12:19:38,38.0,37.0
2023-06-21 10:45:59,40.0,35.0
2023-06-21 09:25:43,35.0,31.0
2023-06-21 08:28:08,31.0,25.0
2023-06-21 00:22:55,37.0,25.0
2023-06-20 22:56:25,40.0,32.0
2023-06-20 08:09:07,39.0,31.0
2023-06-20 06:13:06,40.0,32.0
2023-06-20 01:26:29,42.0,36.0
2023-06-19 21:30:33,39.0,32.0
2023-06-19 20:10:52,39.0,32.0
2023-06-19 19:29:49,43.0,39.0
2023-06-19 18:02:21,40.0,31.0
2023-06-19 16:07:43,39.0,30.0
2023-06-19 13:56:21,37.0,29.0
2023-06-19 11:56:21,37.0,29.0
2023-06-19 09:58:42,38.0,30.0
2023-06-19 08:01:01,37.0,28.0
2023-06-19 05:54:27,40.0,33.0
2023-06-19 04:23:01,39.0,32.0
2023-06-19 01:55:45,37.0,31.0
2023-06-18 22:59:29,39.0,34.0
2023-06-18 20:16:24,39.0,32.0
2023-06-18 19:32:40,46.0,41.0
2023-06-18 18:02:40,37.0,29.0
2023-06-18 15:56:36,38.0,29.0
2023-06-18 13:59:29,39.0,30.0
2023-06-18 11:48:44,39.0,30.0
2023-06-18 10:05:13,39.0,31.0
2023-06-18 07:57:37,38.0,29.0
2023-06-18 06:55:12,38.0,34.0
2023-06-18 05:48:48,38.0,34.0
2023-06-18 04:21:53,41.0,36.0
2023-06-18 01:59:02,39.0,32.0
2023-06-17 23:34:46,39.0,32.0
2023-06-17 21:20:47,40.0,34.0
2023-06-17 19:31:44,41.0,33.0
2023-06-17 17:58:09,38.0,30.0
2023-06-17 16:12:49,39.0,31.0
2023-06-17 13:49:32,38.0,31.0
2023-06-17 11:57:55,38.0,30.0
2023-06-17 09:56:47,38.0,30.0
2023-06-17 08:05:32,38.0,29.0
2023-06-17 06:38:00,40.0,34.0
2023-06-17 04:47:44,39.0,33.0
2023-06-16 23:41:48,38.0,30.0
2023-06-16 21:50:17,38.0,34.0
2023-06-16 20:01:34,40.0,34.0
2023-06-16 18:01:09,39.0,31.0
2023-06-16 15:56:18,39.0,31.0
2023-06-16 13:49:52,39.0,30.0
2023-06-16 12:10:59,38.0,31.0
2023-06-16 10:04:29,38.0,30.0
2023-06-16 07:59:57,38.0,31.0
2023-06-16 06:31:05,39.0,34.0
2023-06-16 06:09:24,40.0,35.0
2023-06-16 05:26:05,40.0,35.0
2023-06-16 01:49:23,39.0,33.0
2023-06-16 00:47:32,39.0,34.0
2023-06-15 22:29:04,41.0,34.0
2023-06-15 19:49:16,38.0,32.0
2023-06-15 18:03:49,39.0,30.0
2023-06-15 16:15:52,40.0,31.0
2023-06-15 13:57:58,39.0,30.0
2023-06-15 12:04:01,40.0,31.0
2023-06-15 09:58:38,39.0,31.0
2023-06-15 08:14:40,39.0,30.0
2023-06-15 06:03:14,40.0,34.0
2023-06-14 23:35:05,38.0,32.0
2023-06-14 22:01:08,38.0,32.0
2023-06-14 21:19:49,40.0,36.0
2023-06-14 20:10:45,39.0,35.0
2023-06-14 18:02:52,40.0,31.0
2023-06-14 16:02:12,40.0,30.0
2023-06-14 13:49:42,41.0,31.0
2023-06-14 12:00:34,39.0,31.0
2023-06-14 09:59:12,39.0,30.0
2023-06-14 08:14:11,40.0,31.0
2023-06-14 05:16:34,39.0,33.0
2023-06-14 03:14:02,39.0,32.0
2023-06-14 00:14:29,38.0,32.0
2023-06-13 22:04:29,36.0,31.0
2023-06-13 19:54:51,40.0,34.0
2023-06-13 09:30:49,40.0,32.0
2023-06-13 05:15:20,32.0,25.0
2023-06-13 04:24:30,39.0,35.0
2023-06-13 02:49:10,39.0,37.0
2023-06-13 00:17:54,33.0,25.0
2023-06-12 09:17:58,43.0,32.0
2023-06-12 07:59:43,42.0,31.0
2023-06-12 06:10:10,39.0,31.0
2023-06-12 04:57:12,37.0,32.0
2023-06-12 03:02:12,37.0,32.0
2023-06-12 00:20:11,38.0,35.0
2023-06-11 22:01:53,37.0,32.0
2023-06-11 20:02:58,40.0,34.0
2023-06-11 13:09:07,42.0,32.0
2023-06-11 11:01:23,41.0,31.0
2023-06-11 06:17:36,41.0,32.0
2023-06-11 04:54:38,38.0,32.0
2023-06-11 04:49:29,38.0,33.0
2023-06-11 00:28:38,36.0,30.0
2023-06-10 22:29:13,40.0,33.0
2023-06-10 20:18:28,41.0,34.0
2023-06-10 11:37:50,43.0,31.0
2023-06-10 05:04:25,38.0,32.0
2023-06-10 00:21:04,42.0,34.0
2023-06-09 22:09:28,37.0,30.0
2023-06-09 20:15:06,37.0,30.0
2023-06-09 10:17:10,43.0,32.0
2023-06-09 06:09:36,36.0,29.0
2023-06-09 04:16:01,37.0,32.0
2023-06-09 02:32:02,38.0,30.0
2023-06-09 00:12:58,35.0,30.0
2023-06-08 22:23:59,40.0,32.0
2023-06-08 20:35:07,37.0,31.0
2023-06-07 23:23:32,36.0,19.0
2023-06-07 21:50:51,41.0,28.0
2023-06-07 20:06:24,43.0,25.0
2023-06-07 11:22:39,45.0,34.0
2023-06-07 08:04:03,41.0,33.0
2023-06-07 01:58:11,40.0,31.0
2023-06-06 21:39:47,38.0,29.0
2023-06-06 13:37:00,47.0,31.0
2023-06-06 11:59:41,40.0,22.0
2023-06-06 08:33:23,42.0,25.0
2023-06-06 04:07:26,38.0,30.0
2023-06-05 09:17:24,44.0,30.0
2023-06-05 07:28:52,46.0,27.0
2023-06-05 03:19:23,38.0,30.0
2023-06-04 21:32:36,37.0,29.0
2023-06-04 18:21:00,43.0,33.0
2023-06-04 17:20:52,43.0,33.0
2023-06-04 13:24:07,42.0,32.0
2023-06-04 12:18:57,46.0,35.0
2023-06-04 10:26:02,39.0,28.0
2023-06-04 08:03:53,40.0,31.0
2023-06-04 06:36:26,38.0,29.0
2023-06-04 04:06:22,39.0,30.0
2023-06-04 02:08:09,39.0,31.0
2023-06-03 20:14:35,37.0,29.0
2023-06-03 18:25:36,35.0,23.0
2023-06-03 13:07:53,40.0,34.0
2023-06-03 12:08:23,41.0,33.0
2023-06-03 11:02:55,41.0,34.0
2023-06-03 08:56:26,40.0,31.0
2023-06-03 08:05:10,42.0,36.0
2023-06-03 03:56:13,38.0,30.0
2023-06-03 02:01:30,39.0,30.0
2023-06-02 23:29:37,38.0,30.0
2023-06-02 23:27:27,39.0,30.0
2023-06-02 09:38:47,41.0,33.0
2023-06-02 07:36:04,42.0,29.0
2023-06-02 02:46:42,38.0,30.0
2023-06-02 02:00:36,38.0,30.0
2023-06-01 22:23:19,38.0,29.0
2023-06-01 06:11:41,38.0,29.0
2023-06-01 04:00:05,37.0,27.0
2023-06-01 02:10:23,37.0,29.0
2023-05-31 23:58:15,38.0,29.0
2023-05-31 23:50:04,38.0,30.0
2023-05-31 20:13:15,39.0,30.0
2023-05-31 17:08:45,41.0,35.0
2023-05-31 14:38:50,41.0,36.0
2023-05-31 10:53:07,42.0,33.0
2023-05-31 08:32:11,40.0,35.0
2023-05-31 00:03:07,44.0,35.0
2023-05-30 17:18:27,41.0,34.0
2023-05-30 12:25:57,41.0,35.0
2023-05-30 09:13:05,38.0,31.0
2023-05-30 07:59:57,39.0,33.0
2023-05-29 23:28:21,43.0,33.0
2023-05-29 18:12:58,39.0,30.0
2023-05-29 17:02:52,40.0,33.0
2023-05-29 14:58:25,37.0,30.0
2023-05-29 11:08:59,42.0,35.0
2023-05-29 09:47:37,40.0,32.0
2023-05-29 08:11:27,39.0,33.0
2023-05-28 23:30:09,42.0,36.0
2023-05-28 18:10:23,44.0,45.0
2023-05-28 17:11:42,39.0,31.0
2023-05-28 14:25:55,41.0,40.0
2023-05-28 12:57:54,31.0,25.0
2023-05-28 12:04:11,41.0,36.0
2023-05-28 10:30:43,37.0,30.0
2023-05-28 07:41:35,35.0,30.0
2023-05-27 20:12:18,43.0,32.0
2023-05-27 17:50:50,40.0,32.0
2023-05-27 16:12:05,37.0,33.0
2023-05-27 16:06:19,40.0,32.0
2023-05-27 12:08:49,39.0,33.0
2023-05-27 10:58:21,37.0,30.0
2023-05-27 09:45:19,43.0,36.0
2023-05-27 08:08:35,41.0,33.0
2023-05-26 20:21:32,48.0,38.0
2023-05-26 20:21:19,45.0,34.0
2023-05-26 17:58:54,41.0,33.0
2023-05-26 13:00:57,41.0,27.0
2023-05-26 10:29:06,38.0,28.0
2023-05-26 08:47:00,37.0,31.0
2023-05-26 07:38:23,40.0,33.0
2023-05-25 20:29:53,45.0,33.0
2023-05-25 18:02:36,40.0,32.0
2023-05-25 16:47:39,38.0,30.0
2023-05-25 14:22:36,42.0,33.0
2023-05-25 13:03:48,40.0,32.0
2023-05-25 10:53:24,41.0,36.0
2023-05-25 09:43:51,38.0,31.0
2023-05-25 07:58:26,42.0,38.0
2023-05-24 23:20:28,44.0,33.0
2023-05-24 20:37:12,41.0,33.0
2023-05-24 17:52:29,35.0,25.0
2023-05-24 12:35:37,38.0,29.0
2023-05-24 11:18:08,41.0,34.0
2023-05-24 09:59:06,40.0,32.0
2023-05-24 08:09:25,39.0,30.0
2023-05-24 02:38:18,41.0,33.0
2023-05-24 01:09:38,42.0,32.0
2023-05-23 23:12:13,39.0,30.0
2023-05-23 21:12:34,38.0,28.0
2023-05-23 20:01:15,41.0,26.0
2023-05-23 18:03:42,41.0,31.0
2023-05-23 15:58:12,41.0,31.0
2023-05-23 14:01:08,42.0,32.0
2023-05-23 12:05:49,41.0,30.0
2023-05-23 10:37:15,41.0,31.0
2023-05-23 08:02:09,41.0,32.0
2023-05-23 06:12:41,41.0,33.0
2023-05-23 04:56:38,38.0,32.0
2023-05-23 00:48:24,38.0,31.0
2023-05-22 22:56:29,42.0,32.0
2023-05-22 21:09:30,41.0,29.0
2023-05-22 20:02:59,40.0,28.0
2023-05-22 18:18:22,40.0,32.0
2023-05-22 15:55:57,38.0,31.0
2023-05-22 13:55:25,38.0,31.0
2023-05-22 12:16:00,39.0,31.0
2023-05-22 10:12:35,38.0,30.0
2023-05-22 08:01:13,38.0,31.0
2023-05-22 06:02:45,37.0,32.0
2023-05-22 03:58:59,39.0,28.0
2023-05-21 23:45:57,40.0,31.0
2023-05-21 19:49:52,37.0,26.0
2023-05-21 18:02:42,36.0,32.0
2023-05-21 16:03:04,36.0,31.0
2023-05-21 14:07:33,37.0,30.0
2023-05-21 11:58:20,38.0,31.0
2023-05-21 09:58:09,39.0,32.0
2023-05-21 08:06:47,36.0,31.0
2023-05-21 06:30:36,41.0,31.0
2023-05-21 04:26:32,38.0,34.0
2023-05-20 22:13:07,38.0,32.0
2023-05-20 20:26:16,37.0,30.0
2023-05-20 20:06:40,45.0,35.0
2023-05-20 17:56:49,41.0,32.0
2023-05-20 16:13:56,39.0,31.0
2023-05-20 13:55:02,39.0,31.0
2023-05-20 11:58:15,40.0,31.0
2023-05-20 10:00:04,41.0,30.0
2023-05-20 07:56:22,41.0,31.0
2023-05-20 05:04:00,38.0,29.0
2023-05-20 01:36:58,39.0,29.0
2023-05-19 21:43:59,40.0,32.0
2023-05-19 19:45:37,39.0,33.0
2023-05-19 17:50:07,39.0,29.0
2023-05-19 16:08:12,40.0,31.0
2023-05-19 14:12:49,39.0,31.0
2023-05-19 12:33:51,40.0,30.0
2023-05-19 10:08:16,39.0,30.0
2023-05-19 08:10:33,39.0,29.0
2023-05-19 06:04:31,38.0,31.0
2023-05-19 04:30:35,40.0,31.0
2023-05-19 01:48:57,41.0,33.0
2023-05-19 00:39:36,38.0,32.0
2023-05-18 22:04:50,38.0,32.0
2023-05-18 20:28:32,42.0,36.0
2023-05-18 18:03:57,41.0,30.0
2023-05-18 16:15:19,38.0,30.0
2023-05-18 13:52:31,39.0,29.0
2023-05-18 11:53:56,39.0,30.0
2023-05-18 10:00:25,41.0,31.0
2023-05-18 08:08:55,40.0,31.0
2023-05-18 05:04:46,38.0,29.0
2023-05-18 04:23:26,40.0,33.0
2023-05-18 01:54:25,40.0,36.0
2023-05-17 23:21:18,41.0,33.0
2023-05-17 21:50:49,42.0,32.0
2023-05-17 20:02:25,42.0,35.0
2023-05-17 18:12:01,39.0,31.0
2023-05-17 16:13:57,40.0,31.0
2023-05-17 14:08:56,39.0,29.0
2023-05-17 12:06:49,39.0,30.0
2023-05-17 09:55:15,40.0,30.0
2023-05-17 07:56:53,40.0,31.0
2023-05-17 05:26:46,41.0,35.0
2023-05-17 04:22:22,40.0,31.0
2023-05-17 02:13:59,41.0,34.0
2023-05-16 22:23:09,37.0,27.0
2023-05-16 20:42:52,37.0,28.0
2023-05-16 13:21:30,42.0,33.0
2023-05-16 11:32:42,43.0,33.0
2023-05-16 08:51:08,43.0,33.0
2023-05-16 06:21:07,38.0,33.0
2023-05-16 05:23:11,43.0,36.0
2023-05-16 02:20:56,42.0,33.0
2023-05-16 00:41:26,40.0,32.0
2023-05-15 23:25:18,39.0,31.0
2023-05-15 21:53:17,40.0,31.0
2023-05-15 20:01:53,40.0,30.0
2023-05-15 18:12:30,43.0,33.0
2023-05-15 08:12:20,43.0,33.0
2023-05-15 06:00:30,40.0,34.0
2023-05-15 04:39:16,40.0,31.0
2023-05-15 03:09:29,40.0,31.0
2023-05-15 00:37:56,44.0,35.0
2023-05-14 20:04:26,39.0,32.0
2023-05-14 18:02:33,43.0,34.0
2023-05-14 18:02:20,43.0,33.0
2023-05-14 10:35:07,40.0,32.0
2023-05-14 04:31:52,36.0,30.0
2023-05-14 02:23:13,37.0,33.0
2023-05-14 00:00:39,38.0,34.0
2023-05-13 22:17:22,37.0,32.0
2023-05-13 20:12:01,37.0,32.0
2023-05-13 17:32:40,40.0,31.0
2023-05-13 15:27:19,43.0,34.0
2023-05-13 12:29:36,43.0,34.0
2023-05-13 09:42:58,43.0,33.0
2023-05-13 07:39:12,40.0,33.0
2023-05-13 06:02:08,37.0,32.0
2023-05-13 04:45:26,40.0,35.0
2023-05-13 03:06:51,42.0,38.0
2023-05-13 00:16:05,43.0,41.0
2023-05-12 22:21:49,40.0,34.0
2023-05-12 20:11:38,42.0,30.0
2023-05-12 17:09:07,41.0,32.0
2023-05-12 14:51:55,42.0,33.0
2023-05-12 11:13:06,42.0,33.0
2023-05-12 09:07:23,43.0,34.0
2023-05-12 07:43:12,41.0,33.0
2023-05-12 05:26:55,38.0,26.0
2023-05-12 04:15:39,38.0,30.0
2023-05-12 02:11:14,38.0,32.0
2023-05-11 23:14:33,37.0,30.0
2023-05-11 21:34:05,36.0,33.0
2023-05-11 20:08:31,41.0,34.0
2023-05-11 18:03:24,41.0,33.0
2023-05-11 12:14:14,41.0,29.0
2023-05-11 09:59:45,42.0,30.0
2023-05-11 05:22:40,45.0,40.0
2023-05-11 02:20:32,44.0,36.0
2023-05-10 23:48:12,40.0,31.0
2023-05-10 22:46:39,39.0,32.0
2023-05-10 20:40:56,40.0,35.0
2023-05-10 17:07:03,41.0,31.0
2023-05-10 12:58:58,40.0,28.0
2023-05-10 10:35:12,40.0,31.0
2023-05-10 08:07:34,39.0,28.0
2023-05-10 06:08:14,41.0,31.0
2023-05-10 03:57:11,40.0,31.0
2023-05-10 01:57:54,40.0,31.0
2023-05-10 00:24:19,39.0,31.0
2023-05-09 22:14:46,40.0,31.0
2023-05-09 20:08:23,41.0,31.0
2023-05-09 17:20:18,38.0,29.0
2023-05-09 12:10:41,36.0,26.0
2023-05-09 10:00:58,43.0,33.0
2023-05-09 08:24:51,40.0,31.0
2023-05-09 06:00:07,40.0,30.0
2023-05-09 04:14:34,39.0,29.0
2023-05-09 01:57:29,41.0,30.0
2023-05-09 00:05:09,39.0,30.0
2023-05-08 22:06:55,39.0,30.0
2023-05-08 20:03:36,40.0,31.0
2023-05-08 18:30:55,40.0,34.0
2023-05-08 16:35:12,39.0,33.0
2023-05-08 12:14:48,41.0,34.0
2023-05-08 09:37:57,38.0,30.0
2023-05-08 08:21:58,39.0,34.0
2023-05-08 06:16:16,39.0,30.0
2023-05-08 04:01:01,39.0,29.0
2023-05-08 02:03:10,41.0,30.0
2023-05-07 23:50:50,41.0,30.0
2023-05-07 22:15:27,39.0,30.0
2023-05-07 20:10:21,39.0,31.0
2023-05-07 16:26:05,40.0,34.0
2023-05-07 14:33:54,41.0,38.0
2023-05-07 08:20:13,41.0,34.0
2023-05-07 05:59:24,40.0,31.0
2023-05-07 04:00:38,38.0,29.0
2023-05-07 02:19:11,39.0,30.0
2023-05-06 23:57:15,40.0,30.0
2023-05-06 22:31:28,39.0,30.0
2023-05-06 20:15:05,38.0,29.0
2023-05-06 12:12:02,41.0,34.0
2023-05-06 11:01:47,43.0,35.0
2023-05-06 08:11:27,40.0,30.0
2023-05-06 05:58:10,39.0,30.0
2023-05-06 04:03:11,40.0,31.0
2023-05-06 02:01:08,40.0,31.0
2023-05-05 23:58:54,41.0,30.0
2023-05-05 22:10:20,39.0,30.0
2023-05-05 20:05:13,40.0,30.0
2023-05-05 15:31:44,38.0,31.0
2023-05-05 12:52:53,39.0,32.0
2023-05-05 12:05:06,35.0,27.0
2023-05-05 08:35:37,42.0,36.0
2023-05-05 06:06:26,40.0,30.0
2023-05-05 04:01:07,39.0,31.0
2023-05-05 02:04:52,39.0,31.0
2023-05-05 00:06:43,39.0,30.0
2023-05-04 21:56:34,38.0,29.0
2023-05-04 20:14:22,39.0,30.0
2023-05-04 15:52:01,37.0,32.0
2023-05-04 13:57:40,37.0,35.0
2023-05-04 11:53:54,36.0,26.0
2023-05-04 10:17:42,37.0,32.0
2023-05-04 08:29:58,40.0,34.0
2023-05-04 06:00:31,39.0,31.0
2023-05-04 03:57:15,39.0,30.0
2023-05-04 02:00:09,40.0,30.0
2023-05-03 23:56:39,39.0,30.0
2023-05-03 22:03:53,41.0,30.0
2023-05-03 20:10:11,40.0,31.0
2023-05-03 18:31:55,38.0,36.0
2023-05-03 17:31:44,38.0,33.0
2023-05-03 14:24:26,40.0,36.0
2023-05-03 11:26:15,39.0,33.0
2023-05-03 09:27:07,40.0,34.0
2023-05-03 09:05:36,43.0,39.0
2023-05-03 09:04:02,41.0,31.0
2023-05-03 09:03:47,40.0,30.0
2023-05-03 09:03:27,42.0,32.0
2023-05-03 08:28:44,43.0,39.0
2023-05-02 17:53:52,40.0,31.0
2023-05-02 14:15:18,41.0,33.0
2023-05-02 12:13:21,37.0,26.0
2023-05-02 10:43:52,40.0,23.0
2023-05-02 10:19:39,35.0,27.0
2023-05-02 08:17:36,40.0,32.0
2023-05-01 16:50:04,38.0,30.0
2023-05-01 12:21:31,36.0,28.0
2023-05-01 10:24:07,35.0,25.0
2023-05-01 08:10:23,36.0,29.0
2023-04-30 22:47:29,39.0,31.0
2023-04-30 22:46:49,42.0,31.0
2023-04-30 18:04:27,39.0,34.0
2023-04-30 17:11:21,41.0,35.0
2023-04-30 15:15:38,35.0,26.0
2023-04-30 10:28:08,39.0,35.0
2023-04-30 08:23:54,40.0,29.0
2023-04-30 05:27:29,41.0,31.0
2023-04-30 05:26:55,41.0,30.0
2023-04-30 05:26:37,42.0,31.0
2023-04-30 05:26:15,40.0,30.0
2023-04-30 05:25:52,43.0,34.0
2023-04-29 18:00:40,45.0,36.0
2023-04-29 16:25:06,41.0,30.0
2023-04-29 14:38:51,38.0,27.0
2023-04-29 14:28:40,42.0,32.0
2023-04-29 11:15:18,39.0,30.0
2023-04-29 09:55:50,39.0,32.0
2023-04-29 07:58:51,38.0,31.0
2023-04-29 05:11:35,43.0,34.0
2023-04-29 05:11:11,42.0,33.0
2023-04-29 05:10:45,45.0,34.0
2023-04-28 21:16:39,45.0,35.0
2023-04-28 17:22:31,44.0,36.0
2023-04-28 15:38:58,44.0,32.0
2023-04-28 12:06:26,37.0,30.0
2023-04-28 10:57:40,36.0,29.0
2023-04-28 09:45:07,38.0,30.0
2023-04-28 08:09:34,36.0,26.0
2023-04-27 18:33:41,38.0,30.0
2023-04-27 16:37:06,37.0,31.0
2023-04-27 15:30:30,36.0,29.0
2023-04-27 11:15:25,38.0,28.0
2023-04-27 09:48:38,37.0,25.0
2023-04-27 07:54:21,34.0,25.0
2023-04-26 18:26:39,38.0,31.0
2023-04-26 17:14:05,37.0,23.0
2023-04-26 16:32:26,38.0,24.0
2023-04-26 14:52:52,31.0,26.0
2023-04-26 13:06:11,38.0,30.0
2023-04-26 10:03:15,40.0,31.0
2023-04-26 08:01:11,39.0,32.0
2023-04-26 06:17:01,41.0,35.0
2023-04-26 00:28:28,43.0,37.0
2023-04-25 20:26:26,39.0,34.0
2023-04-25 18:04:24,39.0,30.0
2023-04-25 15:54:52,39.0,31.0
2023-04-25 14:00:20,39.0,30.0
2023-04-25 12:16:29,38.0,29.0
2023-04-25 10:38:06,39.0,29.0
2023-04-25 08:16:48,39.0,30.0
2023-04-25 06:37:30,41.0,32.0
2023-04-25 04:47:51,41.0,33.0
2023-04-25 00:34:08,41.0,37.0
2023-04-24 20:34:19,41.0,34.0
2023-04-24 18:23:58,41.0,30.0
2023-04-24 16:15:15,41.0,31.0
2023-04-24 14:12:14,39.0,30.0
2023-04-24 13:56:25,39.0,30.0
2023-04-24 08:15:03,40.0,30.0
2023-04-24 06:13:44,41.0,34.0
2023-04-24 02:25:27,42.0,34.0
2023-04-24 01:16:44,43.0,36.0
2023-04-23 23:31:19,41.0,32.0
2023-04-23 20:08:29,43.0,36.0
2023-04-23 18:09:08,41.0,30.0
2023-04-23 16:28:38,41.0,31.0
2023-04-23 14:01:56,41.0,31.0
2023-04-23 11:57:14,41.0,30.0
2023-04-23 10:45:16,41.0,30.0
2023-04-23 08:20:33,41.0,31.0
2023-04-23 05:31:40,40.0,31.0
2023-04-23 04:23:22,41.0,33.0
2023-04-23 00:15:11,39.0,29.0
2023-04-22 21:51:53,42.0,33.0
2023-04-22 20:35:53,41.0,34.0
2023-04-22 18:26:12,41.0,30.0
2023-04-22 16:42:36,41.0,31.0
2023-04-22 14:01:52,40.0,31.0
2023-04-22 10:26:04,40.0,30.0
2023-04-22 08:00:49,39.0,29.0
2023-04-22 06:21:15,40.0,35.0
2023-04-22 02:33:25,38.0,29.0
2023-04-21 21:58:28,39.0,32.0
2023-04-21 20:40:09,42.0,37.0
2023-04-21 02:21:10,41.0,33.0
2023-04-20 22:14:32,38.0,30.0
2023-04-20 22:12:28,42.0,40.0
2023-04-20 21:07:11,42.0,37.0
2023-04-20 18:05:27,41.0,30.0
2023-04-20 15:54:05,39.0,30.0
2023-04-20 11:57:53,39.0,29.0
2023-04-20 10:17:39,39.0,29.0
2023-04-20 08:10:34,39.0,29.0
2023-04-20 06:07:26,41.0,36.0
2023-04-20 04:21:05,39.0,32.0
2023-04-20 00:36:02,38.0,32.0
2023-04-19 23:22:10,43.0,34.0
2023-04-19 21:40:12,39.0,30.0
2023-04-19 21:40:06,39.0,30.0
2023-04-19 06:02:31,39.0,29.0
2023-04-19 04:40:32,43.0,34.0
2023-04-19 02:06:32,41.0,33.0
2023-04-19 00:13:27,42.0,32.0
2023-04-18 22:14:25,41.0,30.0
2023-04-18 20:34:51,37.0,25.0
2023-04-18 20:13:56,30.0,26.0
2023-04-18 08:14:05,42.0,32.0
2023-04-18 06:09:34,42.0,32.0
2023-04-18 04:29:31,41.0,33.0
2023-04-18 02:09:39,41.0,30.0
2023-04-17 23:54:02,42.0,32.0
2023-04-17 22:19:59,44.0,33.0
2023-04-17 20:54:46,44.0,35.0
2023-04-17 06:21:16,39.0,32.0
2023-04-17 04:35:57,40.0,31.0
2023-04-17 02:06:50,43.0,31.0
2023-04-16 23:53:10,38.0,30.0
2023-04-16 22:14:34,43.0,34.0
2023-04-16 20:16:54,40.0,31.0
2023-04-16 06:29:14,42.0,29.0
2023-04-16 04:21:33,42.0,32.0
2023-04-16 01:58:43,43.0,31.0
2023-04-15 23:53:42,43.0,34.0
2023-04-15 22:03:05,43.0,34.0
2023-04-15 20:23:38,39.0,29.0
2023-04-15 06:30:59,39.0,32.0
2023-04-15 04:45:54,38.0,30.0
2023-04-15 02:23:29,40.0,31.0
2023-04-14 23:53:04,41.0,33.0
2023-04-14 21:54:24,43.0,34.0
2023-04-14 19:59:42,42.0,32.0
2023-04-14 06:09:43,41.0,33.0
2023-04-14 04:16:20,41.0,33.0
2023-04-14 01:51:08,43.0,34.0
2023-04-13 23:55:34,41.0,33.0
2023-04-13 21:54:05,38.0,30.0
2023-04-13 20:02:34,44.0,35.0
2023-04-13 12:18:59,41.0,28.0
2023-04-13 06:13:27,40.0,31.0
2023-04-13 04:17:12,42.0,32.0
2023-04-13 01:48:49,40.0,31.0
2023-04-12 23:44:40,44.0,35.0
2023-04-12 21:25:02,40.0,31.0
2023-04-12 19:58:36,47.0,38.0
2023-04-12 09:34:12,43.0,29.0
2023-04-12 05:55:13,39.0,30.0
2023-04-12 03:49:36,40.0,31.0
2023-04-12 01:58:58,40.0,31.0
2023-04-12 00:00:39,40.0,30.0
2023-04-11 22:00:16,38.0,30.0
2023-04-11 20:00:42,39.0,30.0
2023-04-11 17:56:42,43.0,31.0
2023-04-11 17:14:17,42.0,34.0
2023-04-11 16:01:04,30.0,17.0
2023-04-11 12:24:33,37.0,25.0
2023-04-11 10:59:44,38.0,27.0
2023-04-11 08:56:57,43.0,28.0
2023-04-11 05:57:39,38.0,29.0
2023-04-11 04:16:09,38.0,29.0
2023-04-11 02:03:51,38.0,28.0
2023-04-10 23:48:33,38.0,29.0
2023-04-10 22:10:31,38.0,29.0
2023-04-10 20:05:36,40.0,31.0
2023-04-10 18:08:11,39.0,34.0
2023-04-10 13:01:03,40.0,34.0
2023-04-10 09:23:19,38.0,35.0
2023-04-10 06:15:20,39.0,30.0
2023-04-10 04:04:14,39.0,31.0
2023-04-10 01:57:47,39.0,30.0
2023-04-10 00:02:23,40.0,31.0
2023-04-09 21:53:17,39.0,31.0
2023-04-09 19:56:42,39.0,30.0
2023-04-09 17:28:12,37.0,31.0
2023-04-09 15:24:05,39.0,32.0
2023-04-09 14:24:25,37.0,31.0
2023-04-09 12:52:48,41.0,36.0
2023-04-09 11:07:46,40.0,34.0
2023-04-09 08:06:25,40.0,34.0
2023-04-09 05:56:32,40.0,31.0
2023-04-09 04:03:18,40.0,29.0
2023-04-09 02:09:45,39.0,30.0
2023-04-09 00:03:13,39.0,31.0
2023-04-08 21:47:15,38.0,30.0
2023-04-08 19:46:02,38.0,31.0
2023-04-08 18:06:15,41.0,36.0
2023-04-08 14:15:53,39.0,34.0
2023-04-08 13:38:56,43.0,36.0
2023-04-08 11:13:55,41.0,34.0
2023-04-08 09:12:18,41.0,34.0
2023-04-08 07:59:43,41.0,33.0
2023-04-08 06:01:46,40.0,30.0
2023-04-08 03:56:49,39.0,30.0
2023-04-08 02:03:48,40.0,31.0
2023-04-08 00:07:28,39.0,31.0
2023-04-07 22:28:44,40.0,31.0
2023-04-07 20:32:20,41.0,30.0
2023-04-07 16:56:57,37.0,29.0
2023-04-07 14:20:06,37.0,29.0
2023-04-07 10:34:01,39.0,33.0
2023-04-07 08:26:05,39.0,32.0
2023-04-07 06:20:10,38.0,29.0
2023-04-07 03:59:39,39.0,30.0
2023-04-07 02:01:10,40.0,31.0
2023-04-07 00:03:19,39.0,30.0
2023-04-06 22:08:27,38.0,29.0
2023-04-06 20:01:00,38.0,28.0
2023-04-06 16:15:32,37.0,32.0
2023-04-06 15:10:53,38.0,34.0
2023-04-06 09:07:59,40.0,34.0
2023-04-06 07:55:08,38.0,33.0
2023-04-06 06:07:09,41.0,31.0
2023-04-06 03:57:16,41.0,30.0
2023-04-06 02:04:29,40.0,31.0
2023-04-06 00:11:35,40.0,30.0
2023-04-05 22:04:44,41.0,30.0
2023-04-05 20:00:59,42.0,31.0
2023-04-05 10:48:32,40.0,35.0
2023-04-05 08:25:44,37.0,29.0
2023-04-04 17:06:12,38.0,31.0
2023-04-04 12:37:19,39.0,30.0
2023-04-04 10:39:58,38.0,31.0
2023-04-04 08:16:03,36.0,26.0
2023-04-03 23:38:55,37.0,34.0
2023-04-03 20:53:40,35.0,30.0
2023-04-03 16:31:35,39.0,31.0
2023-04-03 16:05:55,37.0,30.0
2023-04-03 12:27:34,40.0,32.0
2023-04-03 12:14:27,43.0,35.0
2023-04-03 01:30:07,39.0,32.0
2023-04-02 19:48:49,39.0,37.0
2023-04-02 18:23:55,39.0,31.0
2023-04-02 17:30:12,37.0,30.0
2023-04-02 17:18:17,38.0,36.0
2023-04-02 14:45:23,39.0,31.0
2023-04-02 11:03:21,41.0,32.0
2023-04-02 08:39:58,42.0,32.0
2023-04-02 04:01:32,42.0,35.0
2023-04-01 23:57:15,35.0,34.0
2023-04-01 13:32:25,38.0,32.0
2023-04-01 10:12:33,40.0,31.0
2023-04-01 08:07:36,38.0,31.0
2023-04-01 01:36:33,34.0,32.0
2023-03-31 19:27:06,39.0,36.0
2023-03-31 16:28:29,40.0,30.0
2023-03-31 14:53:58,40.0,32.0
2023-03-31 12:34:46,37.0,24.0
2023-03-31 10:52:45,34.0,21.0
2023-03-31 10:18:11,38.0,32.0
2023-03-31 08:45:45,40.0,31.0
2023-03-30 23:46:32,38.0,32.0
2023-03-30 21:38:59,37.0,33.0
2023-03-30 18:21:00,39.0,32.0
2023-03-30 17:08:04,38.0,33.0
2023-03-30 15:54:43,35.0,28.0
2023-03-30 09:55:52,36.0,28.0
2023-03-30 08:16:12,38.0,32.0
2023-03-30 03:54:06,37.0,32.0
2023-03-30 02:01:33,35.0,31.0
2023-03-29 23:42:59,39.0,30.0
2023-03-29 21:42:58,36.0,29.0
2023-03-29 19:58:24,37.0,31.0
2023-03-29 17:06:09,38.0,29.0
2023-03-29 15:40:16,38.0,29.0
2023-03-29 14:19:01,40.0,32.0
2023-03-29 11:18:25,38.0,30.0
2023-03-29 10:04:51,37.0,30.0
2023-03-29 08:06:55,40.0,31.0
2023-03-29 06:03:24,38.0,27.0
2023-03-29 03:56:01,39.0,28.0
2023-03-29 02:44:40,38.0,28.0
2023-03-29 00:01:57,38.0,28.0
2023-03-28 22:32:13,37.0,28.0
2023-03-28 20:36:01,37.0,27.0
2023-03-28 20:08:30,43.0,38.0
2023-03-28 18:10:59,38.0,28.0
2023-03-28 16:10:31,38.0,29.0
2023-03-28 12:04:05,39.0,30.0
2023-03-28 10:17:10,38.0,29.0
2023-03-28 08:03:28,38.0,27.0
2023-03-28 05:59:52,36.0,28.0
2023-03-28 03:27:38,39.0,27.0
2023-03-28 02:16:05,36.0,28.0
2023-03-27 23:53:46,35.0,28.0
2023-03-27 22:19:42,35.0,27.0
2023-03-27 20:10:11,33.0,24.0
2023-03-27 18:00:53,38.0,28.0
2023-03-27 13:58:18,38.0,28.0
2023-03-27 12:16:24,38.0,29.0
2023-03-27 10:52:58,39.0,29.0
2023-03-27 08:11:45,41.0,30.0
2023-03-27 06:02:01,41.0,37.0
2023-03-27 04:08:14,37.0,31.0
2023-03-27 02:27:44,39.0,35.0
2023-03-27 00:01:35,37.0,29.0
2023-03-26 22:13:07,37.0,29.0
2023-03-26 20:17:30,38.0,31.0
2023-03-26 18:07:45,41.0,31.0
2023-03-26 15:58:23,38.0,29.0
2023-03-26 13:55:46,40.0,31.0
2023-03-26 11:58:33,41.0,31.0
2023-03-26 10:23:10,41.0,30.0
2023-03-26 08:05:56,40.0,30.0
2023-03-26 02:19:08,39.0,29.0
2023-03-26 00:14:29,36.0,30.0
2023-03-25 22:09:06,36.0,29.0
2023-03-25 18:35:58,39.0,30.0
2023-03-25 16:02:10,42.0,31.0
2023-03-25 14:05:48,39.0,30.0
2023-03-25 11:54:10,37.0,29.0
2023-03-25 10:07:46,38.0,30.0
2023-03-25 08:16:03,38.0,29.0
2023-03-25 05:59:48,39.0,33.0
2023-03-24 22:50:11,36.0,27.0
2023-03-24 20:11:34,38.0,32.0
2023-03-24 20:01:54,39.0,32.0
2023-03-24 18:06:34,39.0,29.0
2023-03-24 16:00:49,39.0,30.0
2023-03-24 13:55:22,40.0,30.0
2023-03-24 11:57:32,40.0,31.0
2023-03-24 10:20:55,39.0,30.0
2023-03-24 08:10:45,38.0,29.0
2023-03-24 05:55:25,42.0,34.0
2023-03-24 02:25:51,33.0,27.0
2023-03-23 23:40:00,39.0,32.0
2023-03-23 22:56:32,39.0,29.0
2023-03-23 19:55:40,39.0,33.0
2023-03-23 17:56:40,39.0,29.0
2023-03-23 16:00:14,40.0,30.0
2023-03-23 13:53:06,39.0,29.0
2023-03-23 11:58:23,41.0,31.0
2023-03-23 10:26:15,39.0,30.0
2023-03-23 09:35:46,39.0,29.0
2023-03-23 06:00:25,39.0,33.0
2023-03-23 04:27:28,39.0,33.0
2023-03-23 02:39:42,42.0,36.0
2023-03-22 22:28:06,39.0,36.0
2023-03-22 22:27:58,39.0,36.0
2023-03-22 21:14:28,37.0,30.0
2023-03-22 17:58:19,40.0,31.0
2023-03-22 13:58:23,40.0,31.0
2023-03-22 12:13:39,42.0,31.0
2023-03-22 09:58:11,41.0,31.0
2023-03-22 08:24:47,42.0,32.0
2023-03-22 04:51:51,40.0,32.0
2023-03-21 23:36:01,44.0,41.0
2023-03-21 22:13:11,46.0,44.0
2023-03-21 22:13:01,35.0,41.0
2023-03-20 21:10:47,35.0,30.0
2023-03-20 12:21:25,38.0,29.0
2023-03-20 04:46:50,44.0,38.0
2023-03-20 03:06:34,44.0,35.0
2023-03-20 01:32:34,42.0,37.0
2023-03-19 22:46:45,38.0,30.0
2023-03-19 20:54:38,40.0,32.0
2023-03-19 14:18:59,43.0,33.0
2023-03-19 14:17:27,43.0,33.0
2023-03-19 08:14:48,43.0,31.0
2023-03-19 06:20:51,43.0,32.0
2023-03-19 04:57:55,42.0,35.0
2023-03-19 03:21:21,46.0,38.0
2023-03-19 00:34:01,38.0,30.0
2023-03-18 22:25:50,42.0,37.0
2023-03-18 20:44:20,40.0,32.0
2023-03-18 12:43:43,39.0,30.0
2023-03-18 08:37:37,41.0,30.0
2023-03-18 02:23:17,38.0,31.0
2023-03-18 00:13:21,39.0,32.0
2023-03-17 22:24:35,39.0,32.0
2023-03-17 20:34:09,39.0,31.0
2023-03-17 12:16:38,38.0,31.0
2023-03-17 10:09:20,39.0,32.0
2023-03-17 05:23:02,38.0,32.0
2023-03-16 22:42:11,38.0,31.0
2023-03-16 20:53:37,36.0,31.0
2023-03-16 16:00:35,38.0,32.0
2023-03-16 08:23:10,41.0,31.0
2023-03-16 02:18:37,41.0,33.0
2023-03-15 22:08:28,41.0,30.0
2023-03-15 21:12:10,38.0,24.0
2023-03-15 14:07:43,44.0,31.0
2023-03-15 10:56:37,38.0,30.0
2023-03-15 10:12:02,39.0,31.0
2023-03-15 06:05:37,39.0,32.0
2023-03-15 04:16:40,39.0,32.0
2023-03-15 02:06:19,38.0,30.0
2023-03-15 00:31:00,37.0,33.0
2023-03-14 22:11:21,36.0,32.0
2023-03-14 20:13:26,35.0,31.0
2023-03-14 18:12:57,40.0,34.0
2023-03-14 17:28:49,40.0,35.0
2023-03-14 16:21:52,41.0,35.0
2023-03-14 15:32:58,40.0,35.0
2023-03-14 15:28:09,35.0,34.0
2023-03-14 13:48:49,39.0,32.0
2023-03-14 11:56:46,34.0,28.0
2023-03-14 07:48:07,35.0,28.0
2023-03-14 06:16:20,36.0,29.0
2023-03-14 04:13:03,35.0,28.0
2023-03-14 02:30:27,30.0,25.0
2023-03-14 00:52:35,34.0,31.0
2023-03-13 22:15:34,35.0,30.0
2023-03-13 20:21:17,34.0,28.0
2023-03-13 14:56:28,37.0,34.0
2023-03-13 13:15:39,36.0,33.0
2023-03-13 11:54:56,34.0,29.0
2023-03-13 09:22:18,35.0,34.0
2023-03-13 07:51:10,34.0,33.0
2023-03-13 06:07:40,32.0,26.0
2023-03-13 04:26:33,33.0,25.0
2023-03-13 00:13:37,36.0,32.0
2023-03-12 22:12:21,35.0,32.0
2023-03-12 20:15:05,36.0,32.0
2023-03-12 18:11:44,37.0,34.0
2023-03-12 14:20:16,40.0,34.0
2023-03-12 13:20:17,36.0,29.0
2023-03-12 11:22:06,37.0,32.0
2023-03-12 10:09:09,33.0,27.0
2023-03-12 08:05:58,35.0,28.0
2023-03-12 06:20:29,36.0,29.0
2023-03-12 04:10:17,33.0,27.0
2023-03-12 02:01:41,36.0,30.0
2023-03-12 00:01:46,34.0,28.0
2023-03-11 22:09:47,34.0,28.0
2023-03-11 20:23:39,36.0,30.0
2023-03-11 17:45:52,34.0,28.0
2023-03-11 14:26:49,40.0,32.0
2023-03-11 12:01:04,36.0,31.0
2023-03-11 10:23:46,38.0,32.0
2023-03-11 08:46:37,37.0,27.0
2023-03-11 06:13:32,36.0,26.0
2023-03-11 04:24:33,36.0,28.0
2023-03-11 02:18:10,34.0,28.0
2023-03-11 00:16:17,39.0,29.0
2023-03-10 22:20:41,40.0,30.0
2023-03-10 20:17:52,40.0,30.0
2023-03-10 16:19:59,39.0,33.0
2023-03-10 14:06:58,39.0,35.0
2023-03-10 12:12:37,41.0,33.0
2023-03-10 10:33:05,40.0,34.0
2023-03-10 08:06:11,40.0,33.0
2023-03-10 06:14:04,39.0,32.0
2023-03-10 04:15:05,39.0,34.0
2023-03-10 02:03:24,40.0,33.0
2023-03-10 01:04:46,42.0,35.0
2023-03-09 22:18:52,38.0,33.0
2023-03-09 20:17:14,35.0,27.0
2023-03-09 18:14:39,40.0,31.0
2023-03-09 16:13:01,38.0,32.0
2023-03-09 14:10:39,39.0,34.0
2023-03-09 12:03:28,41.0,35.0
2023-03-09 09:57:08,37.0,32.0
2023-03-09 09:24:41,37.0,33.0
2023-03-09 08:10:27,45.0,34.0
2023-03-09 06:10:03,37.0,29.0
2023-03-09 04:22:54,39.0,30.0
2023-03-09 02:13:50,39.0,32.0
2023-03-09 00:20:01,37.0,29.0
2023-03-08 22:14:36,32.0,27.0
2023-03-08 20:18:36,38.0,30.0
2023-03-08 18:31:52,42.0,31.0
2023-03-08 16:07:00,42.0,34.0
2023-03-08 13:51:05,43.0,33.0
2023-03-08 10:14:50,43.0,31.0
2023-03-08 07:29:07,44.0,33.0
2023-03-08 03:37:06,35.0,27.0
2023-03-08 01:10:03,35.0,31.0
2023-03-07 23:17:50,37.0,36.0
2023-03-07 22:05:27,36.0,34.0
2023-03-07 17:58:55,37.0,31.0
2023-03-07 17:02:37,38.0,34.0
2023-03-07 15:04:49,37.0,30.0
2023-03-07 08:54:13,39.0,29.0
2023-03-07 04:24:02,39.0,32.0
2023-03-07 03:59:11,40.0,39.0
2023-03-07 01:17:09,39.0,35.0
2023-03-06 23:56:52,38.0,34.0
2023-03-06 23:14:02,36.0,32.0
2023-03-06 22:12:34,42.0,34.0
2023-03-06 22:12:18,41.0,37.0
2023-03-06 17:22:54,46.0,37.0
2023-03-06 16:36:00,45.0,33.0
2023-03-06 14:16:24,42.0,28.0
2023-03-06 10:51:58,41.0,29.0
2023-03-06 08:07:37,41.0,27.0
2023-03-06 01:26:05,40.0,32.0
2023-03-05 23:40:27,41.0,32.0
2023-03-05 21:59:35,38.0,33.0
2023-03-05 20:53:36,38.0,37.0
2023-03-05 16:28:16,33.0,25.0
2023-03-05 12:24:52,40.0,32.0
2023-03-05 10:13:13,42.0,34.0
2023-03-05 07:59:47,39.0,33.0
2023-03-04 23:33:15,38.0,30.0
2023-03-04 20:27:55,38.0,31.0
2023-03-04 18:00:52,40.0,34.0
2023-03-04 16:29:21,39.0,33.0
2023-03-04 14:54:27,39.0,30.0
2023-03-04 11:47:12,39.0,31.0
2023-03-04 09:58:14,40.0,32.0
2023-03-04 08:32:12,38.0,30.0
2023-03-04 05:13:01,35.0,34.0
2023-03-03 23:22:28,36.0,35.0
2023-03-03 21:43:38,36.0,32.0
2023-03-03 17:21:36,37.0,35.0
2023-03-03 15:25:28,37.0,28.0
2023-03-03 12:33:30,34.0,29.0
2023-03-03 10:01:28,38.0,32.0
2023-03-03 08:09:06,40.0,32.0
2023-03-03 03:27:43,37.0,32.0
2023-03-03 01:25:29,38.0,34.0
2023-03-02 23:31:53,37.0,34.0
2023-03-02 23:24:35,39.0,31.0
2023-03-02 21:42:55,37.0,32.0
2023-03-02 20:33:18,42.0,33.0
2023-03-02 18:17:23,40.0,33.0
2023-03-02 16:27:45,39.0,31.0
2023-03-02 14:57:20,42.0,37.0
2023-03-02 14:22:44,39.0,34.0
2023-03-02 11:10:46,41.0,32.0
2023-03-02 10:11:30,45.0,41.0
2023-03-02 08:32:34,39.0,33.0
2023-03-02 04:08:38,37.0,33.0
2023-03-01 23:25:11,36.0,33.0
2023-03-01 22:20:57,38.0,34.0
2023-03-01 21:35:46,41.0,35.0
2023-03-01 21:11:31,40.0,35.0
2023-03-01 17:26:17,40.0,32.0
2023-03-01 15:15:40,38.0,30.0
2023-03-01 12:20:52,38.0,31.0
2023-03-01 09:57:06,40.0,32.0
2023-03-01 08:23:59,40.0,32.0
2023-03-01 05:41:50,41.0,33.0
2023-02-28 10:22:13,38.0,30.0
2023-02-28 08:44:42,39.0,30.0
2023-02-28 02:34:43,37.0,33.0
2023-02-27 22:21:33,39.0,34.0
2023-02-27 20:04:58,39.0,32.0
2023-02-27 18:37:30,41.0,32.0
2023-02-27 16:18:00,38.0,29.0
2023-02-27 13:56:59,39.0,29.0
2023-02-27 12:06:59,37.0,29.0
2023-02-27 10:16:48,36.0,30.0
2023-02-27 08:17:24,37.0,32.0
2023-02-27 05:55:13,39.0,34.0
2023-02-27 01:39:53,39.0,33.0
2023-02-27 00:09:36,39.0,37.0
2023-02-26 21:50:01,38.0,32.0
2023-02-26 19:59:05,37.0,31.0
2023-02-26 17:50:13,37.0,32.0
2023-02-26 13:58:32,36.0,30.0
2023-02-26 12:18:53,35.0,30.0
2023-02-26 10:08:47,37.0,33.0
2023-02-26 08:16:52,37.0,32.0
2023-02-26 05:57:49,38.0,31.0
2023-02-26 05:00:11,40.0,34.0
2023-02-26 02:57:15,38.0,30.0
2023-02-26 02:31:43,42.0,36.0
2023-02-26 00:03:31,39.0,32.0
2023-02-25 21:56:12,38.0,30.0
2023-02-25 21:06:21,40.0,35.0
2023-02-25 20:06:42,34.0,30.0
2023-02-25 18:13:33,38.0,30.0
2023-02-25 16:50:37,39.0,34.0
2023-02-25 13:50:22,41.0,32.0
2023-02-25 12:03:19,39.0,29.0
2023-02-25 10:07:16,36.0,29.0
2023-02-25 08:19:40,40.0,32.0
2023-02-25 06:08:51,38.0,31.0
2023-02-25 04:24:34,40.0,33.0
2023-02-25 02:40:52,38.0,32.0
2023-02-25 00:04:27,42.0,35.0
2023-02-24 22:04:30,39.0,33.0
2023-02-24 20:04:23,38.0,30.0
2023-02-24 18:18:24,37.0,28.0
2023-02-24 13:55:30,40.0,33.0
2023-02-24 12:35:40,39.0,32.0
2023-02-24 10:17:45,39.0,32.0
2023-02-24 08:26:35,38.0,33.0
2023-02-24 05:57:00,39.0,33.0
2023-02-24 02:50:48,38.0,33.0
2023-02-23 23:54:08,37.0,31.0
2023-02-23 21:46:09,38.0,33.0
2023-02-23 20:04:30,40.0,34.0
2023-02-23 18:14:59,39.0,32.0
2023-02-23 16:07:20,36.0,26.0
2023-02-23 13:50:16,38.0,30.0
2023-02-23 12:35:44,38.0,30.0
2023-02-23 10:25:14,32.0,26.0
2023-02-23 08:14:24,38.0,33.0
2023-02-23 04:16:26,40.0,33.0
2023-02-23 01:43:34,39.0,32.0
2023-02-22 23:42:09,39.0,30.0
2023-02-22 22:06:11,38.0,30.0
2023-02-22 20:16:03,41.0,33.0
2023-02-22 18:20:12,40.0,34.0
2023-02-22 16:08:35,37.0,32.0
2023-02-22 13:47:56,38.0,33.0
2023-02-22 12:06:49,38.0,32.0
2023-02-22 10:12:00,41.0,32.0
2023-02-22 08:12:05,40.0,33.0
2023-02-22 04:30:40,41.0,33.0
2023-02-22 01:33:32,41.0,30.0
2023-02-21 22:06:29,42.0,35.0
2023-02-21 20:16:00,43.0,27.0
2023-02-21 17:42:43,39.0,30.0
2023-02-21 10:04:37,37.0,32.0
2023-02-21 05:39:23,36.0,29.0
2023-02-21 04:12:45,40.0,33.0
2023-02-21 02:46:44,40.0,35.0
2023-02-21 00:20:15,38.0,31.0
2023-02-20 22:15:01,40.0,34.0
2023-02-20 20:32:31,40.0,34.0
2023-02-20 17:38:16,38.0,31.0
2023-02-20 09:40:04,40.0,34.0
2023-02-20 08:03:11,39.0,32.0
2023-02-20 06:14:23,38.0,31.0
2023-02-20 04:55:36,42.0,38.0
2023-02-20 02:15:21,40.0,32.0
2023-02-20 00:35:24,39.0,32.0
2023-02-19 23:05:34,39.0,33.0
2023-02-19 20:21:54,39.0,32.0
2023-02-19 16:39:10,39.0,33.0
2023-02-19 13:05:36,40.0,32.0
2023-02-19 06:12:11,39.0,32.0
2023-02-19 05:03:47,37.0,29.0
2023-02-19 03:15:45,40.0,30.0
2023-02-19 00:26:19,40.0,34.0
2023-02-18 22:51:15,40.0,34.0
2023-02-18 20:27:55,36.0,22.0
2023-02-18 15:20:56,35.0,30.0
2023-02-18 12:13:45,39.0,34.0
2023-02-18 10:43:38,44.0,39.0
2023-02-18 08:05:18,42.0,37.0
2023-02-18 05:05:21,39.0,31.0
2023-02-18 03:11:15,37.0,28.0
2023-02-18 00:33:30,38.0,32.0
2023-02-17 23:14:55,40.0,31.0
2023-02-17 20:34:25,42.0,35.0
2023-02-17 16:32:57,38.0,34.0
2023-02-17 11:38:44,38.0,33.0
2023-02-17 10:11:12,38.0,33.0
2023-02-17 08:39:03,40.0,34.0
2023-02-17 06:25:44,41.0,34.0
2023-02-17 05:00:06,40.0,34.0
2023-02-17 03:04:43,40.0,35.0
2023-02-17 00:27:50,40.0,32.0
2023-02-16 22:55:59,41.0,34.0
2023-02-16 20:22:35,41.0,34.0
2023-02-16 12:05:12,38.0,33.0
2023-02-16 08:20:49,39.0,34.0
2023-02-16 05:20:11,46.0,34.0
2023-02-16 03:00:26,40.0,38.0
2023-02-16 00:32:22,40.0,34.0
2023-02-15 23:21:31,37.0,31.0
2023-02-15 22:25:28,42.0,36.0
2023-02-15 20:07:07,40.0,31.0
2023-02-15 17:28:48,38.0,33.0
2023-02-15 15:39:28,39.0,28.0
2023-02-15 12:15:45,41.0,31.0
2023-02-15 10:53:32,40.0,29.0
2023-02-15 09:26:01,40.0,31.0
2023-02-15 08:04:24,38.0,31.0
2023-02-15 05:57:40,40.0,31.0
2023-02-15 03:38:36,38.0,30.0
2023-02-15 01:12:49,38.0,27.0
2023-02-14 22:53:40,42.0,35.0
2023-02-14 20:07:10,40.0,34.0
2023-02-14 18:15:34,37.0,32.0
2023-02-14 11:31:50,37.0,31.0
2023-02-14 09:52:26,28.0,26.0
2023-02-14 08:39:14,37.0,31.0
2023-02-14 05:46:05,38.0,34.0
2023-02-14 01:18:20,37.0,33.0
2023-02-13 22:02:46,37.0,32.0
2023-02-13 20:26:09,34.0,27.0
2023-02-13 17:07:16,39.0,28.0
2023-02-13 16:50:04,38.0,29.0
2023-02-13 13:25:51,36.0,29.0
2023-02-13 09:49:21,38.0,31.0
2023-02-13 07:43:44,37.0,32.0
2023-02-13 06:00:51,37.0,32.0
2023-02-13 03:26:27,38.0,30.0
2023-02-12 23:22:05,39.0,32.0
2023-02-12 18:01:58,38.0,31.0
2023-02-12 16:19:36,40.0,30.0
2023-02-12 14:13:31,41.0,30.0
2023-02-12 12:47:18,37.0,29.0
2023-02-12 10:02:03,38.0,31.0
2023-02-12 07:51:44,38.0,30.0
2023-02-12 06:01:56,42.0,29.0
2023-02-12 00:22:58,40.0,29.0
2023-02-11 20:30:08,42.0,30.0
2023-02-11 17:49:32,37.0,22.0
2023-02-11 16:46:04,41.0,30.0
2023-02-11 16:37:46,37.0,25.0
2023-02-11 14:30:31,37.0,28.0
2023-02-11 10:59:55,38.0,28.0
2023-02-11 09:34:41,41.0,27.0
2023-02-11 05:55:37,40.0,28.0
2023-02-11 00:40:35,40.0,28.0
2023-02-10 22:22:30,39.0,30.0
2023-02-10 19:57:32,41.0,29.0
2023-02-10 17:46:15,39.0,32.0
2023-02-10 17:01:55,40.0,33.0
2023-02-10 13:06:33,39.0,29.0
2023-02-10 11:29:17,38.0,25.0
2023-02-10 09:32:15,37.0,25.0
2023-02-10 06:00:36,40.0,28.0
2023-02-10 04:17:13,40.0,30.0
2023-02-10 01:13:00,39.0,32.0
2023-02-09 22:58:53,40.0,28.0
2023-02-09 20:32:53,40.0,29.0
2023-02-09 17:47:00,41.0,27.0
2023-02-09 16:30:11,38.0,27.0
2023-02-09 14:01:21,43.0,28.0
2023-02-09 12:03:15,39.0,28.0
2023-02-09 10:17:34,44.0,30.0
2023-02-09 09:05:24,37.0,23.0
2023-02-09 05:27:52,41.0,28.0
2023-02-08 23:36:34,38.0,26.0
2023-02-08 17:15:53,43.0,26.0
2023-02-08 14:40:04,39.0,33.0
2023-02-08 13:44:40,34.0,23.0
2023-02-08 12:14:15,36.0,33.0
2023-02-08 11:07:20,45.0,38.0
2023-02-08 09:55:31,38.0,35.0
2023-02-08 07:44:59,30.0,19.0
2023-02-08 05:05:53,43.0,31.0
2023-02-07 20:42:04,38.0,31.0
2023-02-07 18:18:06,37.0,30.0
2023-02-07 16:04:57,39.0,31.0
2023-02-07 16:04:45,40.0,30.0
2023-02-07 09:29:24,38.0,30.0
2023-02-07 09:29:12,41.0,34.0
2023-02-07 04:14:04,41.0,36.0
2023-02-06 16:55:04,41.0,35.0
2023-02-06 16:54:52,40.0,33.0
2023-02-06 16:54:31,38.0,30.0
2023-02-06 16:51:31,37.0,33.0
2023-02-06 08:18:43,38.0,30.0
2023-02-05 20:18:51,42.0,38.0
2023-02-05 18:01:49,42.0,36.0
2023-02-05 16:24:37,40.0,36.0
2023-02-05 13:45:00,45.0,36.0
2023-02-05 11:03:42,40.0,37.0
2023-02-05 08:21:45,38.0,37.0
2023-02-05 04:42:56,40.0,35.0
2023-02-04 21:58:25,38.0,31.0
2023-02-04 17:40:26,38.0,32.0
2023-02-04 15:22:28,38.0,30.0
2023-02-04 11:33:50,41.0,37.0
2023-02-04 10:24:35,41.0,35.0
2023-02-04 08:41:02,40.0,34.0
2023-02-03 23:23:34,41.0,36.0
2023-02-03 21:06:50,40.0,35.0
2023-02-03 18:16:49,38.0,36.0
2023-02-03 15:19:25,35.0,25.0
2023-02-03 14:35:18,40.0,35.0
2023-02-03 12:17:56,37.0,31.0
2023-02-03 12:04:27,40.0,37.0
2023-02-03 10:21:51,40.0,34.0
2023-02-03 08:35:09,36.0,31.0
2023-02-03 05:59:31,39.0,34.0
2023-02-03 01:20:52,39.0,34.0
2023-02-02 21:59:18,39.0,34.0
2023-02-02 19:38:08,40.0,33.0
2023-02-02 16:48:49,38.0,27.0
2023-02-02 13:31:52,41.0,31.0
2023-02-02 11:31:15,36.0,29.0
2023-02-02 11:30:56,40.0,31.0
2023-02-02 11:30:21,40.0,30.0
2023-02-01 22:35:28,39.0,29.0
2023-02-01 20:22:37,40.0,28.0
2023-02-01 17:14:12,40.0,35.0
2023-02-01 16:52:50,40.0,39.0
2023-02-01 14:54:30,40.0,38.0
2023-02-01 11:32:22,38.0,37.0
2023-02-01 08:19:31,38.0,36.0
2023-02-01 05:59:36,37.0,32.0
2023-02-01 04:14:48,37.0,31.0
2023-02-01 02:32:51,34.0,25.0
2023-02-01 00:15:09,37.0,33.0
2023-01-31 23:15:20,35.0,31.0
2023-01-31 21:51:27,35.0,27.0
2023-01-31 19:47:58,41.0,33.0
2023-01-31 11:41:18,39.0,34.0
2023-01-31 09:15:25,37.0,34.0
2023-01-31 06:06:51,38.0,29.0
2023-01-31 04:13:46,37.0,29.0
2023-01-31 01:51:36,38.0,29.0
2023-01-30 23:00:49,36.0,33.0
2023-01-30 21:45:27,33.0,26.0
2023-01-30 20:11:27,38.0,31.0
2023-01-30 14:26:41,34.0,32.0
2023-01-30 08:31:23,37.0,34.0
2023-01-30 05:59:58,37.0,35.0
2023-01-30 05:14:11,37.0,33.0
2023-01-30 03:23:10,38.0,31.0
2023-01-30 01:41:02,38.0,31.0
2023-01-29 23:46:31,36.0,33.0
2023-01-29 22:19:33,36.0,34.0
2023-01-29 20:23:54,38.0,34.0
2023-01-29 15:35:02,37.0,32.0
2023-01-29 08:15:32,38.0,34.0
2023-01-29 05:43:02,35.0,32.0
2023-01-29 05:08:11,34.0,31.0
2023-01-29 02:34:03,39.0,33.0
2023-01-28 23:49:25,37.0,31.0
2023-01-28 22:09:24,37.0,32.0
2023-01-28 20:04:44,36.0,32.0
2023-01-28 14:08:19,35.0,30.0
2023-01-28 08:57:41,36.0,32.0
2023-01-28 05:54:03,39.0,33.0
2023-01-28 02:34:04,39.0,33.0
2023-01-27 19:49:31,37.0,30.0
2023-01-27 18:13:32,37.0,34.0
2023-01-27 15:54:32,38.0,30.0
2023-01-27 06:24:07,36.0,29.0
2023-01-27 05:37:57,37.0,32.0
2023-01-27 02:16:06,35.0,28.0
2023-01-27 00:47:34,36.0,27.0
2023-01-26 21:43:57,38.0,32.0
2023-01-26 20:03:29,37.0,30.0
2023-01-26 08:48:03,34.0,31.0
2023-01-26 06:08:16,35.0,27.0
2023-01-26 04:33:42,37.0,25.0
2023-01-26 02:23:31,37.0,26.0
2023-01-25 22:07:33,37.0,29.0
2023-01-25 20:26:32,41.0,29.0
2023-01-25 14:12:41,40.0,33.0
2023-01-25 12:22:08,36.0,29.0
2023-01-25 11:56:19,41.0,32.0
2023-01-25 11:55:29,36.0,29.0
2023-01-25 10:24:59,44.0,33.0
2023-01-25 08:04:05,41.0,32.0
2023-01-25 04:43:40,39.0,28.0
2023-01-25 03:27:12,35.0,24.0
2023-01-25 00:42:44,40.0,30.0
2023-01-24 22:40:04,42.0,35.0
2023-01-24 20:13:58,40.0,36.0
2023-01-24 11:10:07,38.0,28.0
2023-01-24 08:54:37,41.0,31.0
2023-01-24 05:43:33,38.0,30.0
2023-01-24 04:13:35,38.0,24.0
2023-01-24 02:30:16,29.0,17.0
2023-01-24 00:22:14,42.0,37.0
2023-01-23 23:27:28,40.0,32.0
2023-01-23 21:23:51,41.0,35.0
2023-01-23 20:32:37,35.0,25.0
2023-01-23 09:04:02,38.0,33.0
2023-01-23 08:44:44,34.0,28.0
2023-01-23 08:44:28,40.0,34.0
2023-01-23 06:17:14,40.0,33.0
2023-01-23 04:53:22,37.0,32.0
2023-01-23 02:53:18,40.0,37.0
2023-01-23 01:51:24,36.0,25.0
2023-01-23 00:36:56,40.0,34.0
2023-01-23 00:06:06,37.0,30.0
2023-01-22 20:13:35,38.0,37.0
2023-01-22 16:17:39,39.0,32.0
2023-01-22 10:19:33,38.0,30.0
2023-01-22 04:21:08,37.0,30.0
2023-01-22 02:25:47,38.0,32.0
2023-01-22 00:23:27,35.0,24.0
2023-01-21 22:03:35,36.0,29.0
2023-01-21 19:59:55,36.0,31.0
2023-01-21 16:16:50,39.0,31.0
2023-01-21 10:59:58,36.0,28.0
2023-01-21 06:02:07,38.0,31.0
2023-01-21 02:56:22,39.0,37.0
2023-01-21 00:47:27,40.0,32.0
2023-01-20 23:39:14,40.0,38.0
2023-01-20 22:04:57,40.0,34.0
2023-01-20 20:16:27,40.0,33.0
2023-01-20 12:24:52,37.0,31.0
2023-01-20 08:42:29,38.0,31.0
2023-01-20 04:50:52,38.0,35.0
2023-01-20 02:40:00,39.0,38.0
2023-01-20 00:00:51,41.0,36.0
2023-01-19 21:56:14,39.0,37.0
2023-01-19 20:21:54,40.0,36.0
2023-01-19 16:29:38,39.0,30.0
2023-01-19 13:30:31,38.0,29.0
2023-01-19 11:48:08,41.0,30.0
2023-01-19 09:05:41,42.0,32.0
2023-01-19 05:55:32,41.0,31.0
2023-01-19 04:11:10,40.0,30.0
2023-01-19 02:19:08,40.0,34.0
2023-01-18 23:25:33,40.0,31.0
2023-01-18 22:05:35,40.0,31.0
2023-01-18 20:22:19,43.0,35.0
2023-01-18 15:59:20,40.0,31.0
2023-01-18 10:41:44,42.0,33.0
2023-01-18 02:11:50,38.0,35.0
2023-01-18 00:08:06,37.0,33.0
2023-01-17 21:03:52,36.0,32.0
2023-01-17 18:24:27,38.0,31.0
2023-01-17 15:09:45,38.0,34.0
2023-01-17 13:00:37,37.0,29.0
2023-01-17 11:31:30,36.0,29.0
2023-01-17 02:19:29,38.0,35.0
2023-01-17 01:28:59,36.0,28.0
2023-01-16 20:23:48,39.0,36.0
2023-01-16 18:32:41,37.0,32.0
2023-01-16 14:37:39,35.0,27.0
2023-01-16 13:04:39,38.0,32.0
2023-01-16 12:07:45,38.0,31.0
2023-01-16 09:26:03,35.0,27.0
2023-01-16 08:01:20,35.0,24.0
2023-01-16 08:01:09,35.0,24.0
2023-01-16 06:24:50,38.0,31.0
2023-01-16 02:19:31,39.0,34.0
2023-01-15 22:17:09,38.0,33.0
2023-01-15 21:24:54,34.0,26.0
2023-01-15 21:24:35,32.0,26.0
2023-01-15 18:33:23,35.0,31.0
2023-01-15 14:01:13,37.0,29.0
2023-01-15 12:30:55,39.0,42.0
2023-01-15 10:39:27,40.0,36.0
2023-01-15 09:10:41,36.0,29.0
2023-01-15 07:56:24,37.0,35.0
2023-01-15 00:07:15,36.0,32.0
2023-01-14 22:37:46,34.0,30.0
2023-01-14 20:30:32,30.0,27.0
2023-01-14 17:34:23,39.0,34.0
2023-01-14 16:25:38,37.0,32.0
2023-01-14 14:44:10,36.0,33.0
2023-01-14 12:52:43,38.0,31.0
2023-01-14 09:22:29,36.0,33.0
2023-01-14 07:47:32,36.0,33.0
2023-01-13 17:42:15,37.0,35.0
2023-01-13 16:13:37,39.0,36.0
2023-01-13 14:12:10,37.0,35.0
2023-01-13 11:44:44,34.0,32.0
2023-01-13 10:04:28,35.0,31.0
2023-01-13 08:11:34,36.0,31.0
2023-01-13 06:10:23,37.0,31.0
2023-01-13 04:15:49,41.0,33.0
2023-01-13 02:20:32,38.0,33.0
2023-01-12 20:13:17,37.0,32.0
2023-01-12 16:05:12,37.0,35.0
2023-01-12 14:55:06,36.0,33.0
2023-01-12 11:43:51,37.0,32.0
2023-01-12 09:56:49,36.0,33.0
2023-01-12 08:24:05,37.0,29.0
2023-01-12 06:36:44,37.0,31.0
2023-01-12 04:20:40,38.0,33.0
2023-01-11 21:06:27,36.0,31.0
2023-01-11 14:09:18,38.0,35.0
2023-01-11 12:14:33,39.0,30.0
2023-01-11 07:53:00,40.0,28.0
2023-01-10 23:05:39,41.0,32.0
2023-01-10 20:47:31,40.0,32.0
2023-01-10 17:11:58,42.0,32.0
2023-01-10 14:31:22,38.0,27.0
2023-01-10 12:39:48,38.0,25.0
2023-01-10 11:23:52,39.0,29.0
2023-01-10 09:31:25,41.0,31.0
2023-01-10 07:53:16,38.0,27.0
2023-01-10 04:21:07,38.0,29.0
2023-01-10 02:02:21,39.0,30.0
2023-01-09 22:33:12,39.0,30.0
2023-01-09 21:24:01,39.0,32.0
2023-01-09 20:25:53,39.0,31.0
2023-01-09 20:15:46,43.0,34.0
2023-01-09 18:15:47,42.0,34.0
2023-01-09 17:16:03,41.0,31.0
2023-01-09 16:31:09,43.0,38.0
2023-01-09 14:35:33,40.0,32.0
2023-01-09 11:22:24,42.0,33.0
2023-01-09 09:38:03,41.0,37.0
2023-01-09 08:08:30,40.0,31.0
2023-01-08 23:08:52,41.0,32.0
2023-01-08 20:37:46,39.0,31.0
2023-01-08 17:29:39,43.0,34.0
2023-01-08 14:46:53,41.0,34.0
2023-01-08 12:26:16,41.0,30.0
2023-01-08 11:32:23,46.0,38.0
2023-01-08 10:09:07,40.0,28.0
2023-01-08 08:20:29,39.0,30.0
2023-01-08 05:12:31,41.0,30.0
2023-01-07 22:56:30,42.0,30.0
2023-01-07 20:35:54,40.0,28.0
2023-01-07 19:27:51,45.0,33.0
2023-01-07 17:08:29,43.0,30.0
2023-01-07 14:17:47,44.0,32.0
2023-01-07 12:01:20,40.0,22.0
2023-01-07 10:43:33,37.0,18.0
2023-01-07 08:02:45,40.0,21.0
2023-01-07 00:55:05,39.0,28.0
2023-01-06 23:06:41,45.0,33.0
2023-01-06 21:57:04,40.0,30.0
2023-01-06 19:57:43,44.0,32.0
2023-01-06 18:03:41,41.0,30.0
2023-01-06 17:31:01,39.0,23.0
2023-01-06 14:55:44,41.0,31.0
2023-01-06 12:54:49,40.0,27.0
2023-01-06 11:57:05,41.0,30.0
2023-01-06 10:51:19,47.0,40.0
2023-01-06 08:02:10,41.0,24.0
2023-01-06 00:22:27,42.0,31.0
2023-01-05 22:55:07,41.0,30.0
2023-01-05 17:19:00,42.0,30.0
2023-01-05 16:11:19,42.0,30.0
2023-01-05 12:30:53,41.0,30.0
2023-01-05 11:56:21,39.0,26.0
2023-01-05 09:57:23,35.0,17.0
2023-01-05 08:11:57,36.0,26.0
2023-01-05 04:15:42,44.0,34.0
2023-01-04 23:50:36,40.0,30.0
2023-01-04 22:39:11,41.0,29.0
2023-01-04 21:54:33,40.0,31.0
2023-01-04 18:08:39,40.0,27.0
2023-01-04 14:28:39,41.0,32.0
2023-01-04 12:14:16,40.0,24.0
2023-01-04 11:02:44,40.0,28.0
2023-01-04 10:03:36,39.0,24.0
2023-01-04 08:48:38,33.0,12.0
2023-01-04 05:11:36,39.0,26.0
2023-01-04 02:19:25,40.0,26.0
2023-01-04 01:30:15,39.0,26.0
2023-01-03 19:59:57,41.0,27.0
2023-01-03 17:08:18,40.0,27.0
2023-01-03 16:00:37,39.0,26.0
2023-01-03 14:08:51,40.0,28.0
2023-01-03 12:57:11,40.0,28.0
2023-01-03 12:05:16,36.0,26.0
2023-01-03 11:03:31,39.0,27.0
2023-01-03 10:05:06,43.0,30.0
2023-01-03 08:15:15,40.0,30.0
2023-01-03 01:31:57,38.0,32.0
2023-01-03 00:39:40,39.0,33.0
2023-01-02 23:44:01,39.0,30.0
2023-01-02 21:20:50,39.0,36.0
2023-01-02 20:09:03,38.0,34.0
2023-01-02 18:18:45,39.0,34.0
2023-01-02 17:20:03,37.0,32.0
2023-01-02 16:12:47,34.0,28.0
2023-01-02 14:16:00,40.0,33.0
2023-01-02 12:15:46,38.0,33.0
2023-01-02 11:09:45,36.0,32.0
2023-01-02 10:13:25,37.0,32.0
2023-01-02 09:07:24,36.0,29.0
2023-01-02 08:41:04,36.0,30.0
2023-01-02 06:21:06,37.0,29.0
2023-01-02 05:31:57,37.0,32.0
2023-01-02 02:43:25,37.0,32.0
2023-01-01 23:53:37,38.0,34.0
2023-01-01 21:43:27,38.0,33.0
2023-01-01 19:52:51,38.0,31.0
2023-01-01 18:12:58,40.0,30.0
2023-01-01 16:54:54,39.0,34.0
2023-01-01 16:13:06,41.0,35.0
2023-01-01 14:13:09,41.0,32.0
2023-01-01 12:09:27,34.0,28.0
2023-01-01 11:14:18,40.0,36.0
2023-01-01 10:13:13,40.0,28.0
2023-01-01 09:17:36,41.0,32.0
2023-01-01 08:32:22,39.0,29.0
2023-01-01 01:52:03,39.0,34.0
